timestamp,forecast_demand_mw,lower_bound_95,upper_bound_95
2024-07-15 06:00:00,16483.0,15986.0,16980.0
2024-07-15 07:00:00,18601.4,18104.4,19098.5
2024-07-15 08:00:00,19708.0,19211.0,20205.0
2024-07-15 09:00:00,20068.0,19571.0,20565.0
2024-07-15 10:00:00,20146.7,19649.6,20643.7
2024-07-15 11:00:00,20427.5,19930.5,20924.6
2024-07-15 12:00:00,20572.8,20075.8,21069.8
2024-07-15 13:00:00,20789.4,20292.4,21286.5
2024-07-15 14:00:00,20598.5,20101.5,21095.5
2024-07-15 15:00:00,20630.9,20133.9,21127.9
2024-07-15 16:00:00,20618.0,20121.0,21115.0
2024-07-15 17:00:00,20557.6,20060.6,21054.6
2024-07-15 18:00:00,20416.2,19919.2,20913.2
2024-07-15 19:00:00,20420.6,19923.6,20917.7
2024-07-15 20:00:00,20259.7,19762.7,20756.7
2024-07-15 21:00:00,19623.2,19126.1,20120.2
2024-07-15 22:00:00,18780.5,18283.5,19277.5
2024-07-15 23:00:00,17515.4,17018.3,18012.4
2024-07-16 00:00:00,16403.7,15906.7,16900.7
2024-07-16 01:00:00,15761.7,15264.6,16258.7
2024-07-16 02:00:00,15425.0,14928.0,15922.0
2024-07-16 03:00:00,15317.7,14820.7,15814.7
2024-07-16 04:00:00,15227.2,14730.2,15724.2
2024-07-16 05:00:00,15911.3,15414.3,16408.3
2024-07-16 06:00:00,17271.7,16774.7,17768.7
2024-07-16 07:00:00,19449.1,18952.1,19946.1
2024-07-16 08:00:00,20261.5,19764.5,20758.5
2024-07-16 09:00:00,20666.2,20169.2,21163.2
2024-07-16 10:00:00,20705.8,20208.8,21202.9
2024-07-16 11:00:00,20890.9,20393.8,21387.9
2024-07-16 12:00:00,20988.4,20491.4,21485.4
2024-07-16 13:00:00,20954.0,20456.9,21451.0
2024-07-16 14:00:00,20759.6,20262.6,21256.6
2024-07-16 15:00:00,20691.1,20194.1,21188.1
2024-07-16 16:00:00,20696.3,20199.2,21193.3
2024-07-16 17:00:00,20689.2,20192.2,21186.2
2024-07-16 18:00:00,20626.8,20129.8,21123.8
2024-07-16 19:00:00,20681.4,20184.4,21178.4
2024-07-16 20:00:00,20487.3,19990.3,20984.3
2024-07-16 21:00:00,19816.5,19319.5,20313.5
2024-07-16 22:00:00,18847.2,18350.2,19344.2
2024-07-16 23:00:00,17651.8,17154.7,18148.8
2024-07-17 00:00:00,16530.1,16033.1,17027.1
2024-07-17 01:00:00,15923.3,15426.2,16420.3
2024-07-17 02:00:00,15458.9,14961.9,15955.9
2024-07-17 03:00:00,15339.3,14842.3,15836.3
2024-07-17 04:00:00,15236.5,14739.5,15733.5
2024-07-17 05:00:00,15574.9,15077.9,16072.0
