dtime,actual,xgb_pred
2024-07-12 06:00:00,17763.15625,17660.127
2024-07-12 07:00:00,19743.0245,19680.057
2024-07-12 08:00:00,20867.85725,20221.693
2024-07-12 09:00:00,21208.787,20971.707
2024-07-12 10:00:00,20822.79975,20853.898
2024-07-12 11:00:00,21224.87625,20756.537
2024-07-12 12:00:00,21473.65175,21070.877
2024-07-12 13:00:00,21659.25325,21296.314
2024-07-12 14:00:00,21260.507,21319.746
2024-07-12 15:00:00,21219.0075,21208.021
2024-07-12 16:00:00,21251.378,21158.955
2024-07-12 17:00:00,20891.0035,21286.646
2024-07-12 18:00:00,20727.4815,20747.146
2024-07-12 19:00:00,20539.79725,20554.738
2024-07-12 20:00:00,20281.08925,20211.047
2024-07-12 21:00:00,19679.86625,19491.748
2024-07-12 22:00:00,18228.11375,18459.338
2024-07-12 23:00:00,16852.196,17324.584
2024-07-13 00:00:00,15957.27975,16020.528
2024-07-13 01:00:00,15236.44225,15437.639
2024-07-13 02:00:00,14741.15025,15099.146
2024-07-13 03:00:00,14479.29325,14793.105
2024-07-13 04:00:00,14239.61675,14413.236
2024-07-13 05:00:00,14087.115,14505.229
2024-07-13 06:00:00,14636.77275,14879.992
2024-07-13 07:00:00,15708.56275,16048.543
2024-07-13 08:00:00,16695.3495,16903.4
2024-07-13 09:00:00,17547.01325,17533.164
2024-07-13 10:00:00,17653.751,17866.47
2024-07-13 11:00:00,17758.5845,17955.94
2024-07-13 12:00:00,17729.9205,17931.953
2024-07-13 13:00:00,17548.6515,17798.652
2024-07-13 14:00:00,17507.14675,17693.652
2024-07-13 15:00:00,17653.8235,17758.852
2024-07-13 16:00:00,17558.7395,17798.168
2024-07-13 17:00:00,17433.75,17925.49
2024-07-13 18:00:00,17396.4565,18055.564
2024-07-13 19:00:00,17428.69575,18107.098
2024-07-13 20:00:00,17284.7875,17607.793
2024-07-13 21:00:00,17026.57375,17142.223
2024-07-13 22:00:00,16600.47475,16475.553
2024-07-13 23:00:00,15412.96625,15414.284
2024-07-14 00:00:00,14174.447,14335.411
2024-07-14 01:00:00,13484.174,13652.94
2024-07-14 02:00:00,12986.57625,13204.491
2024-07-14 03:00:00,12781.349,13280.278
2024-07-14 04:00:00,12458.0945,13091.199
2024-07-14 05:00:00,12367.82375,12792.326
2024-07-14 06:00:00,12670.414,12956.327
2024-07-14 07:00:00,13346.7835,13294.294
2024-07-14 08:00:00,14069.6755,13988.845
2024-07-14 09:00:00,14884.72275,14701.339
2024-07-14 10:00:00,14976.7725,15590.623
2024-07-14 11:00:00,15080.44675,15523.425
2024-07-14 12:00:00,14661.28175,15609.905
2024-07-14 13:00:00,15022.5595,15444.715
2024-07-14 14:00:00,15301.079,15610.487
2024-07-14 15:00:00,15307.28825,15878.465
2024-07-14 16:00:00,15385.82525,15729.095
2024-07-14 17:00:00,15687.51325,15812.159
2024-07-14 18:00:00,15976.72975,15974.243
2024-07-14 19:00:00,16500.031750000002,16165.364
2024-07-14 20:00:00,16546.719250000002,16649.951
2024-07-14 21:00:00,16552.0865,16297.681
2024-07-14 22:00:00,16326.8705,16054.272
2024-07-14 23:00:00,15206.818,15408.432
2024-07-15 00:00:00,14144.142,14329.039
2024-07-15 01:00:00,13506.58775,13502.181
2024-07-15 02:00:00,13326.60575,13303.252
2024-07-15 03:00:00,13240.3685,13316.76
2024-07-15 04:00:00,13475.266,13367.135
2024-07-15 05:00:00,14076.9935,14296.294
