dtime,actual,snaive_pred,sarimax_pred,sarimax_lower,sarimax_upper
2024-07-12 06:00:00,17763.15625,18318.8025,17894.744512004207,17307.76829516184,18481.720728846572
2024-07-12 07:00:00,19743.0245,20311.05525,19952.008888275923,18843.30812152578,21060.709655026065
2024-07-12 08:00:00,20867.85725,21261.904,21049.7078557348,19520.407097600855,22579.008613868744
2024-07-12 09:00:00,21208.787,21352.48075,21272.568558093397,19427.398092080814,23117.73902410598
2024-07-12 10:00:00,20822.79975,21270.209,21166.740190782726,19079.668527072638,23253.811854492815
2024-07-12 11:00:00,21224.87625,21681.1145,21471.95990881438,19186.319771437935,23757.600046190826
2024-07-12 12:00:00,21473.65175,22094.27,21780.221353020053,19319.053704515823,24241.389001524283
2024-07-12 13:00:00,21659.25325,22282.99375,21861.40214969159,19237.110885495997,24485.69341388718
2024-07-12 14:00:00,21260.507,21704.46425,21297.33484632892,18517.92604780566,24076.743644852177
2024-07-12 15:00:00,21219.0075,21969.79,21499.265056038475,18571.418816177076,24427.111295899875
2024-07-12 16:00:00,21251.378,21676.6745,21329.52377448728,18259.597661843964,24399.449887130595
2024-07-12 17:00:00,20891.0035,21668.771,21474.671866334436,18268.746002818676,24680.597729850197
2024-07-12 18:00:00,20727.4815,21208.177,21099.230184631506,17762.920434389456,24435.539934873555
2024-07-12 19:00:00,20539.79725,21032.697,21007.97081222956,17546.31675182693,24469.62487263219
2024-07-12 20:00:00,20281.08925,21033.431,20946.856150237894,17364.329368435727,24529.382932040062
2024-07-12 21:00:00,19679.86625,20328.0355,20147.634476841507,16448.216137293675,23847.05281638934
2024-07-12 22:00:00,18228.11375,19210.3755,19007.89975299648,15195.172544923467,22820.626961069494
2024-07-12 23:00:00,16852.196,17775.324,17550.669143179042,13627.894253958922,21473.444032399162
2024-07-13 00:00:00,15957.27975,16509.07475,16259.843369424805,12230.015729162547,20289.671009687063
2024-07-13 01:00:00,15236.44225,15822.94825,15594.3667390062,11460.252989082128,19728.480488930272
2024-07-13 02:00:00,14741.15025,15443.26875,15195.803516664811,10959.969438045762,19431.63759528386
2024-07-13 03:00:00,14479.29325,15422.3545,15174.728831829556,10839.561185338376,19509.896478320734
2024-07-13 04:00:00,14239.61675,15413.342,15129.788158745845,10697.513472438499,19562.06284505319
2024-07-13 05:00:00,14087.115,15910.8055,15673.170442169167,11145.871658262906,20200.469226075427
2024-07-13 06:00:00,14636.77275,18318.8025,17621.44080420456,12909.128192665423,22333.7534157437
2024-07-13 07:00:00,15708.56275,20311.05525,19558.41450671887,14601.080410158418,24515.74860327932
2024-07-13 08:00:00,16695.3495,21261.904,20455.11720011941,15241.915179458789,25668.31922078003
2024-07-13 09:00:00,17547.01325,21352.48075,20572.268057555273,15119.221250681301,26025.314864429245
2024-07-13 10:00:00,17653.751,21270.209,20377.60731586542,14705.25380378186,26049.960827948984
2024-07-13 11:00:00,17758.5845,21681.1145,20646.34351049817,14770.355658907785,26522.331362088553
2024-07-13 12:00:00,17729.9205,22094.27,21141.549193126106,15071.888071343974,27211.21031490824
2024-07-13 13:00:00,17548.6515,22282.99375,21445.035728304414,15188.01057861224,27702.060877996588
2024-07-13 14:00:00,17507.14675,21704.46425,21150.775470726472,14711.102542135133,27590.44839931781
2024-07-13 15:00:00,17653.8235,21969.79,21574.485204876226,14956.466892727234,28192.503517025216
2024-07-13 16:00:00,17558.7395,21676.6745,21481.755521465086,14689.67437696792,28273.83666596225
2024-07-13 17:00:00,17433.75,21668.771,21594.30152502193,14632.402925145381,28556.200124898474
2024-07-13 18:00:00,17396.4565,21208.177,21115.31416687411,13987.681845502711,28242.946488245507
2024-07-13 19:00:00,17428.69575,21032.697,20887.815214612696,13598.2844156539,28177.346013571492
2024-07-13 20:00:00,17284.7875,21033.431,20855.56122160881,13407.696755195402,28303.425688022216
2024-07-13 21:00:00,17026.57375,20328.0355,20099.865797773076,12496.982257196363,27702.74933834979
2024-07-13 22:00:00,16600.47475,19210.3755,18964.854641527727,11210.050613524265,26719.65866953119
2024-07-13 23:00:00,15412.96625,17775.324,17487.26516873886,9583.454620415487,25391.075717062235
2024-07-14 00:00:00,14174.447,16509.07475,16196.884132254563,8146.819718689755,24246.94854581937
2024-07-14 01:00:00,13484.174,15822.94825,15517.124946485987,7323.414318096133,23710.83557487584
2024-07-14 02:00:00,12986.57625,15443.26875,15120.388149361243,6785.506055828637,23455.27024289385
2024-07-14 03:00:00,12781.349,15422.3545,15111.035284160642,6637.333671555727,23584.736896765557
2024-07-14 04:00:00,12458.0945,15413.342,15070.2818016668,6459.998992678829,23680.564610654772
2024-07-14 05:00:00,12367.82375,15910.8055,15588.235316473167,6843.504579087674,24332.96605385866
2024-07-14 06:00:00,12670.414,18318.8025,17530.93556067231,8564.41689758354,26497.45422376108
2024-07-14 07:00:00,13346.7835,20311.05525,19486.94285164836,10241.044086327545,28732.841616969177
2024-07-14 08:00:00,14069.6755,21261.904,20497.16085378005,10959.00893680877,30035.312770751327
2024-07-14 09:00:00,14884.72275,21352.48075,20720.88923790151,10903.028890487072,30538.749585315945
2024-07-14 10:00:00,14976.7725,21270.209,20663.722225580277,10584.010291590048,30743.434159570505
2024-07-14 11:00:00,15080.44675,21681.1145,21097.853008805207,10770.304959620511,31425.401057989904
2024-07-14 12:00:00,14661.28175,22094.27,21422.33073152499,10855.879775148023,31988.78168790196
2024-07-14 13:00:00,15022.5595,22282.99375,21726.466707139123,10926.715505415366,32526.21790886288
2024-07-14 14:00:00,15301.079,21704.46425,21341.310541341383,10312.45053894953,32370.170543733235
2024-07-14 15:00:00,15307.28825,21969.79,21662.527605477568,10408.470736976124,32916.58447397901
2024-07-14 16:00:00,15385.82525,21676.6745,21496.059487518625,10020.814991857167,32971.303983180085
2024-07-14 17:00:00,15687.51325,21668.771,21600.35639450997,9907.999176437137,33292.713612582804
2024-07-14 18:00:00,15976.72975,21208.177,21110.20116238267,9204.73033263935,33015.67199212599
2024-07-14 19:00:00,16500.031750000002,21032.697,20874.021069375012,8759.256036511533,32988.78610223849
2024-07-14 20:00:00,16546.719250000002,21033.431,20783.28379976897,8462.82803173862,33103.73956779932
2024-07-14 21:00:00,16552.0865,20328.0355,19992.16060934675,7469.411072342693,32514.910146350805
2024-07-14 22:00:00,16326.8705,19210.3755,18830.343289751727,6108.5166982229875,31552.169881280468
2024-07-14 23:00:00,15206.818,17775.324,17350.568945788298,4432.726992770227,30268.410898806367
2024-07-15 00:00:00,14144.142,16509.07475,16057.924851520336,2946.9924418478204,29168.857261192854
2024-07-15 01:00:00,13506.58775,15822.94825,15395.213411181214,2093.9906287102585,28696.436193652167
2024-07-15 02:00:00,13326.60575,15443.26875,15001.831428339736,1513.0019123811016,28490.660944298368
2024-07-15 03:00:00,13240.3685,15422.3545,14991.825357919495,1317.9632385023106,28665.68747733668
2024-07-15 04:00:00,13475.266,15413.342,14956.306715365268,1099.883146469283,28812.730284261255
2024-07-15 05:00:00,14076.9935,15910.8055,15508.194028879836,1471.583554895873,29544.8045028638
