dtime,actual,snaive_pred,sarima_pred,sarima_lower,sarima_upper
2024-07-12 06:00:00,17763.15625,18318.8025,17892.8109538969,17294.564166070948,18491.057741722852
2024-07-12 07:00:00,19743.0245,20311.05525,19992.797896852964,18883.803686192317,21101.79210751361
2024-07-12 08:00:00,20867.85725,21261.904,21083.268618326187,19576.574572369806,22589.962664282568
2024-07-12 09:00:00,21208.787,21352.48075,21267.143734631994,19452.689406942758,23081.59806232123
2024-07-12 10:00:00,20822.79975,21270.209,21188.064402349875,19120.479900580885,23255.648904118865
2024-07-12 11:00:00,21224.87625,21681.1145,21487.766471263254,19198.931320619646,23776.601621906862
2024-07-12 12:00:00,21473.65175,22094.27,21799.733608057868,19310.00708672423,24289.460129391508
2024-07-12 13:00:00,21659.25325,22282.99375,21918.677472758536,19242.91277025202,24594.442175265052
2024-07-12 14:00:00,21260.507,21704.46425,21438.204663526427,18588.305770246505,24288.10355680635
2024-07-12 15:00:00,21219.0075,21969.79,21704.328722411236,18690.253739676482,24718.40370514599
2024-07-12 16:00:00,21251.378,21676.6745,21506.93279600407,18337.16106594917,24676.704526058966
2024-07-12 17:00:00,20891.0035,21668.771,21663.871054373278,18345.706723490075,24982.03538525648
2024-07-12 18:00:00,20727.4815,21208.177,21392.82299300087,17932.62960026013,24853.016385741612
2024-07-12 19:00:00,20539.79725,21032.697,21317.601681046704,17720.98546694193,24914.21789515148
2024-07-12 20:00:00,20281.08925,21033.431,21243.730461174408,17515.680470388048,24971.780451960767
2024-07-12 21:00:00,19679.86625,20328.0355,20412.309150609453,16557.303715958424,24267.314585260483
2024-07-12 22:00:00,18228.11375,19210.3755,19255.74408252212,15277.832795463913,23233.655369580327
2024-07-12 23:00:00,16852.196,17775.324,17771.2664586919,13674.13455016359,21868.398367220216
2024-07-13 00:00:00,15957.27975,16509.07475,16487.908607097128,12274.9284798518,20700.888734342458
2024-07-13 01:00:00,15236.44225,15822.94825,15829.551954636394,11503.825059383054,20155.278849889735
2024-07-13 02:00:00,14741.15025,15443.26875,15429.921524414005,10994.312799707764,19865.530249120246
2024-07-13 03:00:00,14479.29325,15422.3545,15405.74040920405,10862.906895189784,19948.57392321832
2024-07-13 04:00:00,14239.61675,15413.342,15367.334354763623,10719.749184586177,20014.91952494107
2024-07-13 05:00:00,14087.115,15910.8055,15961.982235736597,11211.954920662261,20712.009550810933
2024-07-13 06:00:00,14636.77275,18318.8025,17961.301443611675,13017.700712152215,22904.902175071136
2024-07-13 07:00:00,15708.56275,20311.05525,20023.543403462972,14831.208381687811,25215.878425238134
2024-07-13 08:00:00,16695.3495,21261.904,21065.09716729086,15618.783257212872,26511.411077368848
2024-07-13 09:00:00,17547.01325,21352.48075,21216.284933712504,15528.993521551873,26903.576345873138
2024-07-13 10:00:00,17653.751,21270.209,21136.087128739047,15221.15194233232,27051.022315145776
2024-07-13 11:00:00,17758.5845,21681.1145,21474.74963827439,15342.25007656938,27607.249199979397
2024-07-13 12:00:00,17729.9205,22094.27,21822.168407970657,15479.891625488688,28164.44519045263
2024-07-13 13:00:00,17548.6515,22282.99375,21965.55985536949,15420.143258922899,28510.97645181608
2024-07-13 14:00:00,17507.14675,21704.46425,21450.73260364464,14708.19606707299,28193.26914021629
2024-07-13 15:00:00,17653.8235,21969.79,21716.576972724914,14782.48193846023,28650.672006989596
2024-07-13 16:00:00,17558.7395,21676.6745,21485.64541952195,14365.137345529818,28606.15349351408
2024-07-13 17:00:00,17433.75,21668.771,21584.830895659314,14282.67023482226,28886.991556496367
2024-07-13 18:00:00,17396.4565,21208.177,21247.374871736698,13767.974844593307,28726.77489888009
2024-07-13 19:00:00,17428.69575,21032.697,21137.02764123588,13484.493139121283,28789.56214335048
2024-07-13 20:00:00,17284.7875,21033.431,21089.294573851592,13267.457039341072,28911.13210836211
2024-07-13 21:00:00,17026.57375,20328.0355,20302.02676701746,12314.473808310246,28289.579725724678
2024-07-13 22:00:00,16600.47475,19210.3755,19159.092200977615,11009.19261013483,27308.9917918204
2024-07-13 23:00:00,15412.96625,17775.324,17691.931161211844,9382.856314932453,26001.006007491233
2024-07-14 00:00:00,14174.447,16509.07475,16414.567357193177,7949.30975506176,24879.824959324593
2024-07-14 01:00:00,13484.174,15822.94825,15746.481459100669,7127.870916861033,24365.092001340305
2024-07-14 02:00:00,12986.57625,15443.26875,15353.84089443089,6584.5587658077275,24123.123023054053
2024-07-14 03:00:00,12781.349,15422.3545,15330.80433480514,6413.396055808487,24248.212613801792
2024-07-14 04:00:00,12458.0945,15413.342,15302.696396360392,6239.58259491591,24365.810197804873
2024-07-14 05:00:00,12367.82375,15910.8055,15863.295451076012,6656.78182519234,25069.809076959682
2024-07-14 06:00:00,12670.414,18318.8025,17856.548735649798,8417.845093784219,27295.252377515375
2024-07-14 07:00:00,13346.7835,20311.05525,19932.014758451896,10207.610059469005,29656.419457434786
2024-07-14 08:00:00,14069.6755,21261.904,20990.706718512854,10972.985100658881,31008.42833636683
2024-07-14 09:00:00,14884.72275,21352.48075,21153.34659159893,10852.264685052396,31454.428498145462
2024-07-14 10:00:00,14976.7725,21270.209,21073.540646736736,10500.129689228259,31646.951604245212
2024-07-14 11:00:00,15080.44675,21681.1145,21398.553254298466,10561.269987664893,32235.83652093204
2024-07-14 12:00:00,14661.28175,22094.27,21733.551442856864,10638.997793001572,32828.105092712154
2024-07-14 13:00:00,15022.5595,22282.99375,21868.377609627594,10522.302616926536,33214.45260232865
2024-07-14 14:00:00,15301.079,21704.46425,21365.586535237955,9773.347161705628,32957.82590877028
2024-07-14 15:00:00,15307.28825,21969.79,21631.52889444242,9798.204021142697,33464.85376774214
2024-07-14 16:00:00,15385.82525,21676.6745,21412.346644149755,9342.744660177468,33481.948628122045
2024-07-14 17:00:00,15687.51325,21668.771,21531.765972974183,9230.427594837081,33833.10435111128
2024-07-14 18:00:00,15976.72975,21208.177,21217.57616895583,8688.789763207671,33746.36257470399
2024-07-14 19:00:00,16500.031750000002,21032.697,21119.535404635604,8367.358112811065,33871.71269646014
2024-07-14 20:00:00,16546.719250000002,21033.431,21062.644760654715,8090.92320692513,34034.3663143843
2024-07-14 21:00:00,16552.0865,20328.0355,20259.907647311316,7072.296131455307,33447.51916316732
2024-07-14 22:00:00,16326.8705,19210.3755,19112.197595834725,5712.173825339612,32512.22136632984
2024-07-14 23:00:00,15206.818,17775.324,17638.969641238833,4029.8485350427236,31248.090747434944
2024-07-15 00:00:00,14144.142,16509.07475,16359.505805482006,2544.4517870459476,30174.55982391806
2024-07-15 01:00:00,13506.58775,15822.94825,15694.828576465894,1676.8666106522232,29712.790542279567
2024-07-15 02:00:00,13326.60575,15443.26875,15299.739092377375,1081.764632024695,29517.713552730056
2024-07-15 03:00:00,13240.3685,15422.3545,15276.30153442413,861.0895062011004,29691.51356264716
2024-07-15 04:00:00,13475.266,15413.342,15244.585621541471,634.7985634351826,29854.37267964776
2024-07-15 05:00:00,14076.9935,15910.8055,15817.113780068803,1015.3092295640672,30618.91833057354
