dtime,demand,pv,wi,jg,oze_total,net_demand
2024-06-14 00:00:00,15882.56525,0.0,314.6825,11845.52125,314.6825,15567.88275
2024-06-14 01:00:00,15508.6935,0.0,375.03499999999997,11280.18325,375.03499999999997,15133.6585
2024-06-14 02:00:00,15107.9955,0.0,465.57574999999997,10061.82725,465.57574999999997,14642.419750000001
2024-06-14 03:00:00,15026.4755,0.0,574.24325,9758.10275,574.24325,14452.232250000001
2024-06-14 04:00:00,14831.98025,76.2045,642.35575,9701.097249999999,718.56025,14113.42
2024-06-14 05:00:00,15281.228500000001,589.238,660.3087499999999,9376.587749999999,1249.54675,14031.68175
2024-06-14 06:00:00,17327.883,1693.28925,606.588,10760.31575,2299.87725,15028.00575
2024-06-14 07:00:00,19292.20075,3851.1047499999995,448.38025,11750.50725,4299.485,14992.71575
2024-06-14 08:00:00,20021.915,6217.7654999999995,287.2505,11495.616750000001,6505.016,13516.899
2024-06-14 09:00:00,19970.13525,8093.09075,269.974,9787.85775,8363.06475,11607.0705
2024-06-14 10:00:00,19301.5455,9025.60625,357.26099999999997,8125.46825,9382.86725,9918.678249999999
2024-06-14 11:00:00,19370.503249999998,9192.9545,380.9305,7877.8282500000005,9573.885,9796.61825
2024-06-14 12:00:00,19628.5555,8789.1835,346.97275,8248.786,9136.15625,10492.399249999999
2024-06-14 13:00:00,19720.538,8189.9825,429.06125,8649.226,8619.04375,11101.49425
2024-06-14 14:00:00,19521.908499999998,7616.1965,501.72525,8824.211500000001,8117.9217499999995,11403.98675
2024-06-14 15:00:00,19672.1485,6726.42025,500.1905,9616.53325,7226.61075,12445.537750000001
2024-06-14 16:00:00,19885.461499999998,5488.960999999999,486.3125,9703.02675,5975.2735,13910.188
2024-06-14 17:00:00,19872.167999999998,3858.98825,541.0765,10538.4315,4400.06475,15472.10325
2024-06-14 18:00:00,19714.60675,2400.56875,521.48575,12243.813,2922.0545,16792.55225
2024-06-14 19:00:00,19974.1335,1197.1480000000001,510.14300000000003,13268.671,1707.2910000000002,18266.8425
2024-06-14 20:00:00,19984.2065,444.18675,753.7175,13774.670750000001,1197.90425,18786.30225
2024-06-14 21:00:00,19466.094250000002,66.307,1200.91475,12669.139500000001,1267.22175,18198.8725
2024-06-14 22:00:00,18101.29025,0.0,1718.4825,11320.667000000001,1718.4825,16382.80775
2024-06-14 23:00:00,16823.235,0.0,2125.7075,10091.1335,2125.7075,14697.5275
2024-06-15 00:00:00,15540.386,0.0,2414.879,8373.79375,2414.879,13125.507000000001
2024-06-15 01:00:00,14812.55875,0.0,2725.8355,8130.8875,2725.8355,12086.723250000001
2024-06-15 02:00:00,14336.1675,0.0,2894.8332499999997,7779.1085,2894.8332499999997,11441.33425
2024-06-15 03:00:00,14189.20975,0.0,2993.7625,7881.29325,2993.7625,11195.447250000001
2024-06-15 04:00:00,13858.56625,101.81550000000001,3247.1932500000003,7763.6425,3349.00875,10509.557499999999
2024-06-15 05:00:00,13670.0245,600.263,3451.0755,7050.2355,4051.3385,9618.686
2024-06-15 06:00:00,14334.13225,1632.1355,2752.404,6414.186250000001,4384.5395,9949.59275
2024-06-15 07:00:00,15746.26425,4088.04975,1596.24025,6475.88675,5684.290000000001,10061.97425
2024-06-15 08:00:00,16869.66575,6915.921,1491.2907500000001,6269.27325,8407.211749999999,8462.454
2024-06-15 09:00:00,17534.2105,7891.7657500000005,2079.23875,5943.278,9971.0045,7563.206
2024-06-15 10:00:00,17517.0905,8300.1945,2991.682,6218.07925,11291.8765,6225.214000000001
2024-06-15 11:00:00,17602.47125,8096.89775,3332.8695,6058.96175,11429.767249999999,6172.704
2024-06-15 12:00:00,17552.457000000002,7865.499,3181.72325,5836.341,11047.22225,6505.23475
2024-06-15 13:00:00,17480.61725,7343.046,3206.4032500000003,5696.02325,10549.44925,6931.168
2024-06-15 14:00:00,17152.352,6723.97475,3135.2977499999997,6263.773999999999,9859.2725,7293.0795
2024-06-15 15:00:00,17156.398,6507.40325,2889.9355,5748.6182499999995,9397.338749999999,7759.059249999999
2024-06-15 16:00:00,17060.202,5582.811,2385.73425,6285.466,7968.54525,9091.65675
2024-06-15 17:00:00,17138.83325,4255.65675,2022.21275,7879.753,6277.8695,10860.96375
2024-06-15 18:00:00,17383.231,2808.8535,1638.122,8079.267750000001,4446.9755000000005,12936.2555
2024-06-15 19:00:00,17415.915,1392.956,1355.3645000000001,8800.474,2748.3205000000003,14667.5945
2024-06-15 20:00:00,17086.65,477.77675,1313.9005,8930.6735,1791.67725,15294.97275
2024-06-15 21:00:00,16799.954250000003,43.346000000000004,1536.6555,8718.27025,1580.0014999999999,15219.95275
2024-06-15 22:00:00,16245.205,0.0,1897.62525,8416.59625,1897.62525,14347.57975
2024-06-15 23:00:00,15012.46725,0.0,1686.6425,7660.32275,1686.6425,13325.82475
2024-06-16 00:00:00,13871.448,0.0,1485.5065,6901.9442500000005,1485.5065,12385.9415
2024-06-16 01:00:00,13196.84175,0.0,1364.263,6575.80825,1364.263,11832.57875
2024-06-16 02:00:00,12849.03025,0.0,1224.2782499999998,6654.93275,1224.2782499999998,11624.752
2024-06-16 03:00:00,12511.22175,0.0,1122.42675,6609.33925,1122.42675,11388.795
2024-06-16 04:00:00,12075.51825,29.962249999999997,1083.9125,6385.4245,1113.87475,10961.6435
2024-06-16 05:00:00,11905.26725,471.50775,1114.5015,6236.112,1586.00925,10319.258
2024-06-16 06:00:00,12485.286,1413.25275,1045.608,6368.23975,2458.86075,10026.42525
2024-06-16 07:00:00,13372.918,2864.095,723.4472499999999,6577.575,3587.54225,9785.37575
2024-06-16 08:00:00,14336.73575,4398.6325,434.34925,6655.7505,4832.98175,9503.753999999999
2024-06-16 09:00:00,15154.291000000001,5781.43775,370.8575,6279.20275,6152.29525,9001.99575
2024-06-16 10:00:00,15578.44475,6780.334,366.4725,6616.53525,7146.8065,8431.638250000002
2024-06-16 11:00:00,15821.1985,7300.366,378.99175,6578.31575,7679.35775,8141.840749999999
2024-06-16 12:00:00,15866.794,7375.084,382.099,7114.55775,7757.183,8109.611000000001
2024-06-16 13:00:00,16011.33725,7200.34975,393.9905,6851.69275,7594.34025,8416.997
2024-06-16 14:00:00,15749.868,6703.49025,427.00600000000003,6625.71425,7130.49625,8619.37175
2024-06-16 15:00:00,15611.7335,6127.71275,456.3155,6753.235,6584.02825,9027.70525
2024-06-16 16:00:00,15309.4575,5139.3015,474.615,6833.54575,5613.9165,9695.541000000001
2024-06-16 17:00:00,15451.30625,4139.25825,449.36825,7421.6565,4588.6265,10862.67975
2024-06-16 18:00:00,15757.0655,2537.27575,569.6320000000001,7478.826999999999,3106.9077500000003,12650.15775
2024-06-16 19:00:00,16096.23275,1117.999,670.8335000000001,8506.48025,1788.8325,14307.40025
2024-06-16 20:00:00,16331.633999999998,505.00425,836.429,9147.43,1341.43325,14990.200749999998
2024-06-16 21:00:00,16173.71,73.02624999999999,1017.0762500000001,9022.33625,1090.1025,15083.6075
2024-06-16 22:00:00,15774.029750000002,0.0,1156.29475,8485.7695,1156.29475,14617.735
2024-06-16 23:00:00,14648.747,0.0,1282.0755,7548.42825,1282.0755,13366.6715
2024-06-17 00:00:00,13711.37075,0.0,1303.1970000000001,7011.97725,1303.1970000000001,12408.17375
2024-06-17 01:00:00,13170.908,0.0,1366.0445,6814.846,1366.0445,11804.8635
2024-06-17 02:00:00,12971.31825,0.0,1374.3285,6812.623250000001,1374.3285,11596.98975
2024-06-17 03:00:00,12808.09775,0.0,1255.29725,7071.838,1255.29725,11552.800500000001
2024-06-17 04:00:00,12825.76075,87.15025,1120.90425,7501.28275,1208.0545000000002,11617.70625
2024-06-17 05:00:00,13697.51625,598.3399999999999,1094.41525,8277.12025,1692.75525,12004.761
2024-06-17 06:00:00,16406.104,1481.44475,833.49025,9593.88375,2314.935,14091.169
2024-06-17 07:00:00,18723.475,3397.3464999999997,482.51175,10610.26125,3879.85825,14843.616750000001
2024-06-17 08:00:00,19908.28625,5975.1195,233.0705,10352.51525,6208.19,13700.09625
2024-06-17 09:00:00,20031.2715,8420.747,208.37475,9108.749749999999,8629.12175,11402.149749999999
2024-06-17 10:00:00,19461.117,9771.37225,310.56425,7932.4195,10081.9365,9379.180499999999
2024-06-17 11:00:00,19649.01225,10103.87725,539.2057500000001,7514.739,10643.083,9005.929250000001
2024-06-17 12:00:00,19935.531750000002,9755.2445,842.698,7721.23425,10597.9425,9337.58925
2024-06-17 13:00:00,19957.4945,9265.4565,1088.57725,7674.63575,10354.03375,9603.46075
2024-06-17 14:00:00,19544.4925,8435.648,1106.39775,7634.8845,9542.04575,10002.44675
2024-06-17 15:00:00,19939.64775,7748.23975,1266.884,8486.46,9015.123749999999,10924.524
2024-06-17 16:00:00,20052.925499999998,6583.598,1059.3632499999999,9591.2265,7642.96125,12409.964249999999
2024-06-17 17:00:00,20532.9755,5043.1525,908.41575,10351.359,5951.56825,14581.40725
2024-06-17 18:00:00,20292.708,2857.21875,798.77075,11713.38125,3655.9895,16636.718500000003
2024-06-17 19:00:00,20712.967,1365.1680000000001,527.47675,13696.57825,1892.6447500000002,18820.32225
2024-06-17 20:00:00,20927.90125,816.31925,443.07550000000003,13929.59225,1259.39475,19668.5065
2024-06-17 21:00:00,20230.89075,126.54100000000001,391.81475,13672.03875,518.35575,19712.535
2024-06-17 22:00:00,19005.32525,0.0,480.3425,12789.42975,480.3425,18524.98275
2024-06-17 23:00:00,17509.23375,0.0,581.49275,11537.55725,581.49275,16927.740999999998
2024-06-18 00:00:00,16126.34775,0.0,767.7955,10783.631000000001,767.7955,15358.55225
2024-06-18 01:00:00,15523.5035,0.0,961.563,10227.7355,961.563,14561.9405
2024-06-18 02:00:00,15065.04725,0.0,1170.362,9757.7115,1170.362,13894.68525
2024-06-18 03:00:00,14915.66725,0.0,1392.56075,9441.521499999999,1392.56075,13523.1065
2024-06-18 04:00:00,14793.69,129.54175,1357.81725,8956.942,1487.3590000000002,13306.331
2024-06-18 05:00:00,15284.84525,690.71325,1178.2945,9264.752,1869.00775,13415.8375
2024-06-18 06:00:00,17430.01825,1655.0027499999999,920.9325,10558.21075,2575.93525,14854.082999999999
2024-06-18 07:00:00,19734.19375,3634.8655,362.16725,11508.38875,3997.0327500000003,15737.161
2024-06-18 08:00:00,20634.2535,6185.10625,185.97575,10962.66175,6371.082,14263.1715
2024-06-18 09:00:00,20753.538,8480.459,195.179,9826.67125,8675.637999999999,12077.9
2024-06-18 10:00:00,20130.1585,9759.59875,296.573,8570.49175,10056.17175,10073.98675
2024-06-18 11:00:00,20166.99525,10060.642749999999,388.511,8498.616,10449.15375,9717.841499999999
2024-06-18 12:00:00,20294.99075,9971.732250000001,482.487,8704.5055,10454.21925,9840.771499999999
2024-06-18 13:00:00,20449.63575,9565.3135,501.247,8889.904,10066.5605,10383.07525
2024-06-18 14:00:00,19983.0095,8926.1345,496.692,8997.893250000001,9422.8265,10560.183
2024-06-18 15:00:00,20391.213499999998,8509.59275,520.95675,9165.572,9030.5495,11360.664
2024-06-18 16:00:00,20467.64,7078.184499999999,398.49275,9897.353500000001,7476.67725,12990.962749999999
2024-06-18 17:00:00,20580.35875,5259.0015,320.03425000000004,10672.529,5579.03575,15001.323
2024-06-18 18:00:00,20659.366,3204.72775,327.01025,11621.9185,3531.7380000000003,17127.628
2024-06-18 19:00:00,20946.51925,1432.8377500000001,337.06075,13760.75425,1769.8985,19176.62075
2024-06-18 20:00:00,21047.31925,643.00025,553.8362500000001,13997.914,1196.8365,19850.48275
2024-06-18 21:00:00,20386.17425,108.9105,1019.38825,13510.96925,1128.29875,19257.875500000002
2024-06-18 22:00:00,18880.4015,0.0,1873.9270000000001,11059.032500000001,1873.9270000000001,17006.4745
2024-06-18 23:00:00,17168.18725,0.0,2625.1875,8729.62675,2625.1875,14542.99975
2024-06-19 00:00:00,15897.875,0.0,3377.59375,8152.594,3377.59375,12520.28125
2024-06-19 01:00:00,15226.377,0.0,3615.795,8439.5125,3615.795,11610.582
2024-06-19 02:00:00,14848.02275,0.0,3587.37,8646.305,3587.37,11260.65275
2024-06-19 03:00:00,14859.46875,0.0,3294.59125,9135.62075,3294.59125,11564.8775
2024-06-19 04:00:00,14857.14875,118.68700000000001,3402.7825000000003,9105.82875,3521.4695,11335.67925
2024-06-19 05:00:00,15479.311,549.51225,3040.8452500000003,8992.07725,3590.3575,11888.9535
2024-06-19 06:00:00,17580.72225,1319.98725,2728.0185,9885.44275,4048.00575,13532.7165
2024-06-19 07:00:00,19712.252,2966.4885,2147.625,11154.24975,5114.1134999999995,14598.1385
2024-06-19 08:00:00,20684.23875,4925.30775,1844.48125,11025.33475,6769.789,13914.44975
2024-06-19 09:00:00,20746.19075,6296.96725,1881.78375,10751.7205,8178.750999999999,12567.43975
2024-06-19 10:00:00,20709.281,7548.808,2120.60725,9900.891,9669.41525,11039.86575
2024-06-19 11:00:00,20905.009,7708.6585,2225.99725,9152.539499999999,9934.65575,10970.35325
2024-06-19 12:00:00,21073.3485,7661.8502499999995,2072.7185,9154.508249999999,9734.56875,11338.77975
2024-06-19 13:00:00,21070.7925,7356.74775,1811.6205,10139.7885,9168.36825,11902.424249999998
2024-06-19 14:00:00,20812.752,6752.10575,1829.17675,9831.404,8581.2825,12231.4695
2024-06-19 15:00:00,20893.24325,5593.824,1792.6415,10814.66675,7386.4655,13506.77775
2024-06-19 16:00:00,20891.63625,4160.318,2138.8247499999998,11395.5535,6299.14275,14592.4935
2024-06-19 17:00:00,20870.17775,2819.467,2519.6645,11337.64675,5339.1314999999995,15531.04625
2024-06-19 18:00:00,20746.6825,1580.51275,2792.831,11236.048,4373.34375,16373.338749999999
2024-06-19 19:00:00,20834.88075,845.81475,2453.866,12705.9005,3299.68075,17535.2
2024-06-19 20:00:00,20862.653,553.5405,2081.75625,13729.385,2635.29675,18227.35625
2024-06-19 21:00:00,19929.655,167.91375,2272.89725,12653.44425,2440.811,17488.844
2024-06-19 22:00:00,18388.405749999998,0.0,2376.85525,10828.1395,2376.85525,16011.5505
2024-06-19 23:00:00,16936.8405,0.0,2760.8540000000003,9949.27675,2760.8540000000003,14175.9865
2024-06-20 00:00:00,15741.18125,0.0,3144.5102500000003,9316.56725,3144.5102500000003,12596.671
2024-06-20 01:00:00,15101.314,0.0,2973.542,8931.31575,2973.542,12127.772
2024-06-20 02:00:00,14812.18425,0.0,2896.449,9032.9575,2896.449,11915.73525
2024-06-20 03:00:00,14723.17375,0.0,2776.38775,9265.02025,2776.38775,11946.786
2024-06-20 04:00:00,14644.9965,119.97325,2829.849,9131.10775,2949.82225,11695.17425
2024-06-20 05:00:00,15250.861,667.11475,2429.86925,9039.52625,3096.9840000000004,12153.877
2024-06-20 06:00:00,17189.48925,1585.401,1726.51425,9710.72175,3311.91525,13877.574
2024-06-20 07:00:00,19330.259749999997,3660.80975,1305.84725,11178.48625,4966.656999999999,14363.60275
2024-06-20 08:00:00,20078.32025,6029.345,1434.69625,10634.053,7464.04125,12614.278999999999
2024-06-20 09:00:00,20160.4345,7978.8817500000005,1572.06725,9518.69375,9550.949,10609.485499999999
2024-06-20 10:00:00,19691.775999999998,9307.898000000001,1491.31775,7971.3025,10799.21575,8892.560249999999
2024-06-20 11:00:00,19717.574999999997,10113.3515,1278.18075,8255.37975,11391.53225,8326.04275
2024-06-20 12:00:00,19640.8515,10597.97075,1112.96075,8160.0985,11710.931499999999,7929.920000000002
2024-06-20 13:00:00,19391.6935,10639.525,1074.14825,7901.9305,11713.67325,7678.02025
2024-06-20 14:00:00,19479.785,10806.1645,1073.597,7598.45625,11879.7615,7600.023499999999
2024-06-20 15:00:00,19627.69975,9742.61275,1154.88,7583.24775,10897.49275,8730.206999999999
2024-06-20 16:00:00,20005.466500000002,8313.69325,1165.32725,8103.2405,9479.0205,10526.446000000002
2024-06-20 17:00:00,20029.4395,5994.82275,1058.6285,10114.36175,7053.45125,12975.988249999999
2024-06-20 18:00:00,20216.57325,3409.1895,791.08275,10637.7655,4200.27225,16016.301
2024-06-20 19:00:00,20624.20725,1535.563,506.03599999999994,11902.445749999999,2041.599,18582.60825
2024-06-20 20:00:00,20794.488,721.0074999999999,374.86175000000003,12513.79175,1095.86925,19698.61875
2024-06-20 21:00:00,20318.377,109.67349999999999,412.4305,12358.13425,522.104,19796.273
2024-06-20 22:00:00,19112.775,0.0,466.19525,11516.7695,466.19525,18646.57975
2024-06-20 23:00:00,17671.59975,0.0,473.72925,10600.567,473.72925,17197.8705
2024-06-21 00:00:00,16311.28975,0.0,546.1145,9715.68425,546.1145,15765.17525
2024-06-21 01:00:00,15612.058,0.0,559.33825,9367.436,559.33825,15052.71975
2024-06-21 02:00:00,15107.3005,0.0,486.39575,9234.310000000001,486.39575,14620.90475
2024-06-21 03:00:00,14953.5925,0.0,465.869,9170.094,465.869,14487.7235
2024-06-21 04:00:00,14841.92775,129.45925,474.217,9033.86325,603.67625,14238.2515
2024-06-21 05:00:00,15375.79625,720.0952500000001,444.70325,9231.42125,1164.7984999999999,14210.99775
2024-06-21 06:00:00,17515.3615,1807.841,522.15525,10513.71125,2329.99625,15185.36525
2024-06-21 07:00:00,19699.9345,3997.5615000000003,368.94925,10599.46775,4366.51075,15333.42375
2024-06-21 08:00:00,20615.192,6712.73675,205.26475,10921.862000000001,6918.0015,13697.190499999999
2024-06-21 09:00:00,20430.092,8801.52475,221.88524999999998,9901.676,9023.41,11406.682
2024-06-21 10:00:00,19956.30525,10290.6325,235.25375,9391.809000000001,10525.88625,9430.419
2024-06-21 11:00:00,20175.73325,11180.82575,249.25425,9348.61275,11430.08,8745.653250000001
2024-06-21 12:00:00,20282.62675,11505.7545,262.62975,8561.14775,11768.384250000001,8514.2425
2024-06-21 13:00:00,20355.847,11166.97025,238.51225,8075.551,11405.4825,8950.3645
2024-06-21 14:00:00,20297.019500000002,10370.415,216.06074999999998,8105.75975,10586.47575,9710.54375
2024-06-21 15:00:00,20723.50775,9066.93425,295.058,9073.74875,9361.99225,11361.515500000001
2024-06-21 16:00:00,21022.49525,7080.30075,449.003,10729.7605,7529.30375,13493.191499999999
2024-06-21 17:00:00,21053.87025,4825.98775,655.3697500000001,11437.327,5481.3575,15572.51275
2024-06-21 18:00:00,20697.1845,2510.2264999999998,954.99325,12034.284,3465.21975,17231.96475
2024-06-21 19:00:00,20748.025999999998,1160.758,1506.5115,12576.1405,2667.2695000000003,18080.7565
2024-06-21 20:00:00,20479.33525,532.16575,1754.6335,12603.42525,2286.79925,18192.536
2024-06-21 21:00:00,19767.45125,102.294,2289.257,11905.775,2391.551,17375.90025
2024-06-21 22:00:00,18686.8795,0.0,3088.66275,10515.8965,3088.66275,15598.21675
2024-06-21 23:00:00,17195.4525,0.0,3265.8287499999997,9250.6975,3265.8287499999997,13929.62375
2024-06-22 00:00:00,16026.399249999999,0.0,3388.62925,8560.28775,3388.62925,12637.77
2024-06-22 01:00:00,15285.4515,0.0,3127.15625,8731.959,3127.15625,12158.29525
2024-06-22 02:00:00,14782.99225,0.0,2931.84925,8808.80575,2931.84925,11851.143
2024-06-22 03:00:00,14734.906500000001,0.0,2886.041,8540.45475,2886.041,11848.8655
2024-06-22 04:00:00,14337.615249999999,62.3985,2913.934,8148.43325,2976.3325,11361.28275
2024-06-22 05:00:00,14433.628999999999,475.1205,2663.24975,7612.8895,3138.37025,11295.25875
2024-06-22 06:00:00,14893.511999999999,1007.566,2514.72525,7587.43775,3522.29125,11371.22075
2024-06-22 07:00:00,16255.533,1940.73075,2223.0015,8674.802,4163.73225,12091.80075
2024-06-22 08:00:00,17568.0285,3168.8815,1659.07225,9848.554250000001,4827.953750000001,12740.07475
2024-06-22 09:00:00,18085.123,4049.5225,1479.4412499999999,9675.414,5528.96375,12556.15925
2024-06-22 10:00:00,18514.649,4684.42,2115.80275,8993.6195,6800.222750000001,11714.42625
2024-06-22 11:00:00,18714.54975,5075.63775,3040.03125,7765.758,8115.669,10598.88075
2024-06-22 12:00:00,18523.041250000002,5614.67775,3733.0882500000002,7410.6849999999995,9347.766,9175.275249999999
2024-06-22 13:00:00,17611.56825,5943.313749999999,4613.871,6360.8555,10557.18475,7054.3835
2024-06-22 14:00:00,17030.69725,6901.7525000000005,5272.35175,5579.28375,12174.10425,4856.593000000001
2024-06-22 15:00:00,17247.32925,6254.31125,5259.58375,5897.4735,11513.895,5733.43425
2024-06-22 16:00:00,17358.1435,5636.89925,5154.726000000001,6144.6939999999995,10791.625250000001,6566.51825
2024-06-22 17:00:00,17480.157,4314.70875,4883.698,6628.372,9198.40675,8281.750250000001
2024-06-22 18:00:00,17681.968,3210.0635,4248.904500000001,7579.92225,7458.968,10223.0
2024-06-22 19:00:00,17549.0015,1578.01175,3608.55,8656.406,5186.56175,12362.43975
2024-06-22 20:00:00,17288.9605,640.46475,3134.4900000000002,9775.72925,3774.95475,13514.00575
2024-06-22 21:00:00,16882.224000000002,46.7105,2921.21325,10257.251250000001,2967.92375,13914.30025
2024-06-22 22:00:00,16391.1635,0.0,2884.358,9304.823,2884.358,13506.805499999999
2024-06-22 23:00:00,15115.8675,0.0,2998.36425,8660.2025,2998.36425,12117.50325
2024-06-23 00:00:00,14086.86125,0.0,3293.974,7879.2135,3293.974,10792.88725
2024-06-23 01:00:00,13244.954,0.0,3351.2205,7242.70025,3351.2205,9893.7335
2024-06-23 02:00:00,12842.29175,0.0,3566.89475,6696.82525,3566.89475,9275.397
2024-06-23 03:00:00,12681.891749999999,0.0,3932.88025,6573.90175,3932.88025,8749.0115
2024-06-23 04:00:00,12284.80775,36.0385,4006.97175,6130.3505000000005,4043.0102500000003,8241.7975
2024-06-23 05:00:00,12132.505000000001,375.34074999999996,3972.168,5825.99725,4347.50875,7784.99625
2024-06-23 06:00:00,12574.216,1434.37575,3584.087,5940.505999999999,5018.462750000001,7555.75325
2024-06-23 07:00:00,13517.0095,2918.76125,3252.39675,6438.604,6171.157999999999,7345.8515
2024-06-23 08:00:00,14230.4935,4327.3205,3687.74375,6415.41025,8015.06425,6215.42925
2024-06-23 09:00:00,14865.2885,5204.81625,3692.6752500000002,6087.20275,8897.4915,5967.7970000000005
2024-06-23 10:00:00,15504.46525,5574.1475,3494.82925,6342.9169999999995,9068.97675,6435.4884999999995
2024-06-23 11:00:00,15657.939,5621.27275,2858.705,7281.412249999999,8479.97775,7177.96125
2024-06-23 12:00:00,15547.19,5538.22,2785.3495000000003,7575.95925,8323.5695,7223.6205
2024-06-23 13:00:00,15541.024249999999,5482.127,2734.6945,7443.05825,8216.8215,7324.2027499999995
2024-06-23 14:00:00,15514.18475,5459.814,2799.59875,7129.36425,8259.41275,7254.772
2024-06-23 15:00:00,15185.2785,4807.676,2675.62525,6984.61025,7483.30125,7701.97725
2024-06-23 16:00:00,15539.36,4509.16025,2925.8157499999998,7317.25225,7434.976000000001,8104.384
2024-06-23 17:00:00,15693.7155,3415.29,3059.87125,6840.1215,6475.16125,9218.554250000001
2024-06-23 18:00:00,16199.4285,2982.06625,3362.55725,7204.15775,6344.6235,9854.805
2024-06-23 19:00:00,16538.78975,1968.38475,3304.288,8298.265,5272.67275,11266.116999999998
2024-06-23 20:00:00,16525.468249999998,919.85475,2885.1845,8350.39675,3805.03925,12720.429
2024-06-23 21:00:00,16309.41875,133.70675,2792.8745,8787.553,2926.58125,13382.8375
2024-06-23 22:00:00,15987.70775,0.0,2743.824,8599.16975,2743.824,13243.88375
2024-06-23 23:00:00,14970.856,0.0,2706.91925,7732.62675,2706.91925,12263.93675
2024-06-24 00:00:00,14075.36675,0.0,2560.307,7682.61175,2560.307,11515.05975
2024-06-24 01:00:00,13579.027,0.0,2338.891,7848.8865000000005,2338.891,11240.135999999999
2024-06-24 02:00:00,13275.49175,0.0,2213.0232499999997,7659.696,2213.0232499999997,11062.4685
2024-06-24 03:00:00,13279.09625,0.0,2131.822,7753.7,2131.822,11147.27425
2024-06-24 04:00:00,13285.74825,170.4135,2098.7135,7882.09475,2269.127,11016.62125
2024-06-24 05:00:00,14147.5015,868.2515000000001,1846.4055,8386.088749999999,2714.657,11432.8445
2024-06-24 06:00:00,16318.206,1401.86625,1314.54225,9809.613000000001,2716.4085,13601.7975
2024-06-24 07:00:00,18558.67325,2819.31775,891.345,10857.172999999999,3710.66275,14848.0105
2024-06-24 08:00:00,19536.798749999998,4776.222,789.267,10644.644499999999,5565.4890000000005,13971.309749999999
2024-06-24 09:00:00,19594.82125,6055.1945,802.18575,10451.5015,6857.38025,12737.440999999999
2024-06-24 10:00:00,19507.72725,6862.2865,779.389,9525.67675,7641.6755,11866.051749999999
2024-06-24 11:00:00,20042.38875,7381.78975,759.56425,9465.007000000001,8141.353999999999,11901.03475
2024-06-24 12:00:00,20170.30425,7750.77325,720.595,9607.315999999999,8471.36825,11698.936
2024-06-24 13:00:00,20114.0905,7682.844,726.6990000000001,9975.444500000001,8409.543,11704.5475
2024-06-24 14:00:00,19715.339,7155.2302500000005,739.7860000000001,10148.2985,7895.016250000001,11820.32275
2024-06-24 15:00:00,19986.26375,6470.4580000000005,780.3702499999999,9562.522,7250.82825,12735.4355
2024-06-24 16:00:00,20096.9835,5503.57125,712.42425,9751.501,6215.9955,13880.988
2024-06-24 17:00:00,20006.1825,4021.9995,604.0025,10861.1525,4626.002,15380.1805
2024-06-24 18:00:00,19881.853,2560.4230000000002,492.082,11729.6055,3052.505,16829.347999999998
2024-06-24 19:00:00,20122.28525,1160.9470000000001,420.3575,12903.408,1581.3045,18540.980750000002
2024-06-24 20:00:00,20222.80125,429.75325,422.40525,13412.304250000001,852.1585,19370.64275
2024-06-24 21:00:00,19866.462,56.363,583.09475,13023.33725,639.45775,19227.004249999998
2024-06-24 22:00:00,18721.125,0.0,740.31075,11737.246500000001,740.31075,17980.81425
2024-06-24 23:00:00,17463.6095,0.0,707.30225,11009.68975,707.30225,16756.30725
2024-06-25 00:00:00,16101.484250000001,0.0,700.7262499999999,11360.3285,700.7262499999999,15400.758
2024-06-25 01:00:00,15371.461,0.0,712.6044999999999,10928.37225,712.6044999999999,14658.8565
2024-06-25 02:00:00,14815.5005,0.0,715.273,10546.699,715.273,14100.2275
2024-06-25 03:00:00,14824.4235,0.0,762.49425,10470.659,762.49425,14061.929250000001
2024-06-25 04:00:00,14735.3565,59.22325000000001,797.8104999999999,10368.19275,857.0337499999999,13878.32275
2024-06-25 05:00:00,15208.5055,438.966,768.575,10590.126,1207.541,14000.9645
2024-06-25 06:00:00,17193.5765,1252.34325,645.444,11647.115,1897.78725,15295.78925
2024-06-25 07:00:00,19343.50175,2844.66775,367.42175,11951.6225,3212.0895,16131.412250000001
2024-06-25 08:00:00,20471.12825,4947.82575,228.73024999999998,12297.4595,5176.556,15294.572250000001
2024-06-25 09:00:00,20628.962,6893.50275,204.34925,10858.00575,7097.852,13531.11
2024-06-25 10:00:00,20377.48775,8387.72975,269.954,9424.3985,8657.68375,11719.804
2024-06-25 11:00:00,20521.1425,8490.412,355.85474999999997,9282.0895,8846.266749999999,11674.87575
2024-06-25 12:00:00,20581.04025,8468.846249999999,399.69525,9446.464,8868.5415,11712.49875
2024-06-25 13:00:00,20763.667999999998,8368.94,490.92725,9803.9365,8859.86725,11903.80075
2024-06-25 14:00:00,20226.08025,8093.0085,585.31625,9791.502,8678.32475,11547.7555
2024-06-25 15:00:00,20382.7275,7607.369,666.3042499999999,9770.56475,8273.67325,12109.054250000001
2024-06-25 16:00:00,20368.48725,6592.2967499999995,756.55,10110.264,7348.84675,13019.6405
2024-06-25 17:00:00,20572.84375,5001.8385,778.39625,11030.9295,5780.23475,14792.609
2024-06-25 18:00:00,20379.69775,3025.6645,761.5160000000001,12688.330249999999,3787.1805000000004,16592.51725
2024-06-25 19:00:00,20776.939749999998,1353.0375,800.5487499999999,13470.63725,2153.58625,18623.3535
2024-06-25 20:00:00,20838.5845,539.91275,827.81125,13789.8555,1367.724,19470.860500000003
2024-06-25 21:00:00,20253.5805,75.69475,1143.897,13314.181,1219.59175,19033.98875
2024-06-25 22:00:00,18976.682999999997,0.0,1418.3135,12711.307499999999,1418.3135,17558.369499999997
2024-06-25 23:00:00,17526.5545,0.0,1704.49975,11134.86975,1704.49975,15822.05475
2024-06-26 00:00:00,16159.7625,0.0,1892.30175,9657.8495,1892.30175,14267.46075
2024-06-26 01:00:00,15251.805250000001,0.0,2065.33725,9065.509750000001,2065.33725,13186.468
2024-06-26 02:00:00,14855.82675,0.0,2070.84875,9130.58275,2070.84875,12784.978
2024-06-26 03:00:00,14805.044,0.0,2037.161,9065.1355,2037.161,12767.883
2024-06-26 04:00:00,14650.765,89.01925,2008.7115,8960.15925,2097.73075,12553.03425
2024-06-26 05:00:00,15118.6325,525.33725,1951.675,8675.538,2477.01225,12641.62025
2024-06-26 06:00:00,17216.71675,1528.037,1604.8242500000001,9601.92425,3132.86125,14083.8555
2024-06-26 07:00:00,19600.26225,3839.51425,854.048,10856.05475,4693.56225,14906.7
2024-06-26 08:00:00,20658.28725,6625.259749999999,538.34275,11063.2335,7163.6025,13494.684749999999
2024-06-26 09:00:00,20780.161,8961.187750000001,813.6735,9456.59225,9774.86125,11005.29975
2024-06-26 10:00:00,20434.869,10237.6345,1063.42675,8531.273,11301.06125,9133.80775
2024-06-26 11:00:00,20515.98975,10511.92225,1156.32275,8071.32375,11668.245,8847.74475
2024-06-26 12:00:00,20730.06525,10524.859,1040.4927500000001,8107.7025,11565.35175,9164.7135
2024-06-26 13:00:00,20760.26775,10304.7835,928.2257500000001,8572.99375,11233.00925,9527.2585
2024-06-26 14:00:00,20393.4875,9963.305,785.61875,8620.5545,10748.92375,9644.563750000001
2024-06-26 15:00:00,20874.5845,9215.793749999999,699.24975,9526.0595,9915.0435,10959.541000000001
2024-06-26 16:00:00,21099.6645,7797.616,708.4485,10008.603500000001,8506.0645,12593.6
2024-06-26 17:00:00,20939.103499999997,5622.2135,726.45225,10863.383249999999,6348.66575,14590.43775
2024-06-26 18:00:00,21102.37775,3303.45425,781.58275,12340.2315,4085.0370000000003,17017.34075
2024-06-26 19:00:00,21325.362250000002,1416.7255,916.67625,13155.36075,2333.40175,18991.9605
2024-06-26 20:00:00,21124.589,582.80025,1361.6745,13425.5885,1944.47475,19180.11425
2024-06-26 21:00:00,20425.20625,78.98175,2023.63,12953.24575,2102.61175,18322.5945
2024-06-26 22:00:00,19141.4205,0.0,2516.4807499999997,11336.9405,2516.4807499999997,16624.93975
2024-06-26 23:00:00,17637.74225,0.0,2815.27025,10784.62975,2815.27025,14822.472
2024-06-27 00:00:00,16338.909749999999,0.0,3109.78825,9883.12025,3109.78825,13229.1215
2024-06-27 01:00:00,15582.6785,0.0,3239.86975,9280.01625,3239.86975,12342.80875
2024-06-27 02:00:00,15072.27825,0.0,2996.07275,9022.70225,2996.07275,12076.2055
2024-06-27 03:00:00,14974.16775,0.0,2711.5175,9206.857250000001,2711.5175,12262.65025
2024-06-27 04:00:00,14878.31825,88.34949999999999,2454.14675,9407.66575,2542.49625,12335.822
2024-06-27 05:00:00,15361.5715,584.5575,2367.101,9411.286,2951.6585,12409.913
2024-06-27 06:00:00,17489.2065,1634.96325,1880.7645,9908.1275,3515.72775,13973.47875
2024-06-27 07:00:00,19905.999,3647.43775,889.39275,11105.36225,4536.8305,15369.1685
2024-06-27 08:00:00,21272.88025,6060.1587500000005,428.46225000000004,11724.432,6488.621,14784.25925
2024-06-27 09:00:00,21697.894,8019.75025,687.404,10781.28825,8707.15425,12990.73975
2024-06-27 10:00:00,21147.02325,9441.516,1257.9904999999999,8909.0945,10699.5065,10447.516749999999
2024-06-27 11:00:00,21527.5,10337.14925,1479.32675,7831.4884999999995,11816.475999999999,9711.023999999998
2024-06-27 12:00:00,21809.149,10311.586500000001,1308.0865,8527.631000000001,11619.673,10189.476
2024-06-27 13:00:00,21760.94525,9776.089,1125.10975,9172.0665,10901.19875,10859.746500000001
2024-06-27 14:00:00,21671.3465,9101.1265,987.2044999999999,9887.84475,10088.331,11583.0155
2024-06-27 15:00:00,21734.9535,7874.89375,971.706,10587.48475,8846.599750000001,12888.35375
2024-06-27 16:00:00,21850.219,6585.3205,1049.59825,11628.722,7634.91875,14215.30025
2024-06-27 17:00:00,21908.247499999998,4793.65075,1348.45275,11294.742999999999,6142.1035,15766.144
2024-06-27 18:00:00,21334.595,2712.157,1920.7172500000001,11269.40325,4632.87425,16701.72075
2024-06-27 19:00:00,21370.30725,1378.91275,2365.9215,12521.7735,3744.83425,17625.473
2024-06-27 20:00:00,21118.09275,643.7607499999999,2354.0845,12517.6635,2997.8452500000003,18120.2475
2024-06-27 21:00:00,20345.01675,174.49475,2523.5445,12120.16175,2698.03925,17646.9775
2024-06-27 22:00:00,19068.2705,0.0,2713.694,10956.754,2713.694,16354.5765
2024-06-27 23:00:00,17758.6475,0.0,2428.87225,10486.05125,2428.87225,15329.775249999999
2024-06-28 00:00:00,16630.31475,0.0,1936.29775,10708.750250000001,1936.29775,14694.017
2024-06-28 01:00:00,15928.682499999999,0.0,2009.55975,10797.0075,2009.55975,13919.122749999999
2024-06-28 02:00:00,15399.238,0.0,2203.006,10489.18275,2203.006,13196.232
2024-06-28 03:00:00,15302.02475,0.0,2309.75725,10180.77375,2309.75725,12992.2675
2024-06-28 04:00:00,15094.64725,141.89775,2362.68025,9644.286,2504.578,12590.06925
2024-06-28 05:00:00,15719.0425,696.759,2219.811,9388.240749999999,2916.57,12802.4725
2024-06-28 06:00:00,17818.21325,1515.723,1707.76025,9866.25775,3223.48325,14594.73
2024-06-28 07:00:00,19898.057249999998,3123.9765,978.3075,10978.104,4102.284,15795.773249999998
2024-06-28 08:00:00,20851.69225,5171.438749999999,586.2325,11939.463,5757.671249999999,15094.021
2024-06-28 09:00:00,21578.86275,7167.128,622.10825,11062.8745,7789.23625,13789.6265
2024-06-28 10:00:00,21592.5985,8719.52775,815.0115,9925.2085,9534.53925,12058.05925
2024-06-28 11:00:00,21935.44225,9452.209,940.86375,9314.189,10393.07275,11542.3695
2024-06-28 12:00:00,22124.92425,9847.57625,1170.11025,9128.644,11017.6865,11107.23775
2024-06-28 13:00:00,21885.916250000002,9517.014,1222.79725,9235.9415,10739.81125,11146.105
2024-06-28 14:00:00,21101.57475,8271.72425,1606.7984999999999,8951.48025,9878.52275,11223.052
2024-06-28 15:00:00,21214.728,6976.35375,1880.835,9952.2495,8857.188750000001,12357.53925
2024-06-28 16:00:00,20855.58075,5303.65775,1871.9457499999999,10967.443500000001,7175.6035,13679.97725
2024-06-28 17:00:00,21275.57975,3830.6712500000003,2074.9265,11709.09875,5905.59775,15369.982
2024-06-28 18:00:00,21206.1645,2682.96,2281.4555,11970.38075,4964.4155,16241.749
2024-06-28 19:00:00,20886.953,1332.67675,1909.086,12264.868,3241.76275,17645.19025
2024-06-28 20:00:00,20478.766499999998,642.59925,1581.4795,12373.374,2224.07875,18254.68775
2024-06-28 21:00:00,19687.627,108.67875000000001,1605.9044999999999,12239.66875,1714.58325,17973.04375
2024-06-28 22:00:00,18690.44425,0.0,1411.27075,11332.93875,1411.27075,17279.173499999997
2024-06-28 23:00:00,17594.39,0.0,1411.43,10909.433,1411.43,16182.96
2024-06-29 00:00:00,16821.96575,0.0,1628.82375,10920.164499999999,1628.82375,15193.142
2024-06-29 01:00:00,16357.59325,0.0,1787.2815,10539.5575,1787.2815,14570.31175
2024-06-29 02:00:00,16003.0075,0.0,1673.9412499999999,10515.2375,1673.9412499999999,14329.06625
2024-06-29 03:00:00,15805.0625,0.0,1543.51,10383.1515,1543.51,14261.5525
2024-06-29 04:00:00,15602.174,90.36,1379.8715,10332.4595,1470.2315,14131.942500000001
2024-06-29 05:00:00,15559.2105,514.8675000000001,1195.38625,9750.8815,1710.25375,13848.95675
2024-06-29 06:00:00,16511.6485,1574.5475000000001,922.428,9810.163,2496.9755,14014.672999999999
2024-06-29 07:00:00,17547.70225,3770.0395000000003,409.8045,10315.1355,4179.844,13367.858249999997
2024-06-29 08:00:00,18927.9355,6498.73275,253.53,9745.229749999999,6752.26275,12175.67275
2024-06-29 09:00:00,19093.92775,8742.615,215.16725,8190.893749999999,8957.78225,10136.145499999999
2024-06-29 10:00:00,18905.13625,10309.541,218.1405,7676.51925,10527.6815,8377.45475
2024-06-29 11:00:00,19433.29225,11137.8075,217.52775,7834.16475,11355.33525,8077.957
2024-06-29 12:00:00,19592.15025,10458.46225,193.36425,8074.53975,10651.8265,8940.32375
2024-06-29 13:00:00,19254.829999999998,9790.61275,175.51375,8236.226,9966.1265,9288.703499999998
2024-06-29 14:00:00,18709.164,9361.0175,218.08925,8124.4757500000005,9579.10675,9130.05725
2024-06-29 15:00:00,18381.66375,9237.70325,270.95275,7872.33525,9508.655999999999,8873.00775
2024-06-29 16:00:00,18208.282,8317.328,352.3385,7724.32325,8669.6665,9538.6155
2024-06-29 17:00:00,18495.80175,6336.52925,454.09075,8913.45,6790.620000000001,11705.18175
2024-06-29 18:00:00,18715.2035,3901.9297500000002,584.03075,10403.692500000001,4485.9605,14229.243
2024-06-29 19:00:00,18705.677,1859.70725,824.4467500000001,11193.50575,2684.154,16021.523000000001
2024-06-29 20:00:00,18336.334000000003,745.38025,1435.487,11068.24225,2180.8672500000002,16155.466750000001
2024-06-29 21:00:00,17633.3645,138.62825,2553.67075,10554.63675,2692.299,14941.0655
2024-06-29 22:00:00,16891.11225,0.0,3376.3625,9989.66375,3376.3625,13514.74975
2024-06-29 23:00:00,15700.89925,0.0,3787.9585,9284.87425,3787.9585,11912.94075
2024-06-30 00:00:00,14577.3825,0.0,4249.29925,7986.13225,4249.29925,10328.08325
2024-06-30 01:00:00,13929.515,0.0,4679.8675,6969.07075,4679.8675,9249.6475
2024-06-30 02:00:00,13496.4345,0.0,4993.05025,6723.90225,4993.05025,8503.384250000001
2024-06-30 03:00:00,13173.487000000001,0.0,5152.0125,6818.4385,5152.0125,8021.4745
2024-06-30 04:00:00,12749.3725,109.79374999999999,5324.92725,6619.017,5434.7210000000005,7314.6515
2024-06-30 05:00:00,12691.80675,662.95075,5449.653,6698.6305,6112.60375,6579.203
2024-06-30 06:00:00,13202.3095,1778.64825,5222.278,6523.68,7000.92625,6201.38325
2024-06-30 07:00:00,14381.9715,3383.02825,4850.857,6403.9955,8233.88525,6148.08625
2024-06-30 08:00:00,15100.171,4683.904500000001,4406.468,6835.40675,9090.372500000001,6009.798499999999
2024-06-30 09:00:00,15973.78225,5938.9845000000005,4117.59025,6949.625,10056.57475,5917.2075
2024-06-30 10:00:00,16668.916250000002,6982.40975,3512.0675,8278.2765,10494.47725,6174.439
2024-06-30 11:00:00,17146.93125,7729.04025,3439.1530000000002,8991.2275,11168.19325,5978.737999999999
2024-06-30 12:00:00,17072.62275,7846.7845,3700.5935,9056.1145,11547.378,5525.24475
2024-06-30 13:00:00,17397.3575,7691.03275,3774.10025,9054.35925,11465.133,5932.2245
2024-06-30 14:00:00,17581.568,7386.0165,3829.707,8856.12725,11215.7235,6365.844500000001
2024-06-30 15:00:00,17603.67025,6391.259,3614.53925,8631.5,10005.79825,7597.872
2024-06-30 16:00:00,17842.036,5421.244,3625.26325,8537.729,9046.507249999999,8795.528750000001
2024-06-30 17:00:00,18573.931,4266.3845,3898.79275,8284.141,8165.17725,10408.75375
2024-06-30 18:00:00,18289.5775,2511.81275,3710.18325,9280.7865,6221.996,12067.5815
2024-06-30 19:00:00,18097.98025,1372.99,3104.989,9877.044249999999,4477.979,13620.00125
2024-06-30 20:00:00,17860.940000000002,550.32775,2901.42425,9793.02475,3451.752,14409.188
2024-06-30 21:00:00,17366.841249999998,130.49775,2918.7962500000003,9645.15,3049.2940000000003,14317.54725
2024-06-30 22:00:00,16533.00275,0.0,3004.1485000000002,9099.08,3004.1485000000002,13528.85425
2024-06-30 23:00:00,15258.9255,0.0,2866.4835,9033.6785,2866.4835,12392.442
2024-07-01 00:00:00,14192.8145,0.0,2554.54975,8912.239,2554.54975,11638.26475
2024-07-01 01:00:00,13898.84775,0.0,2574.95425,8600.62475,2574.95425,11323.8935
2024-07-01 02:00:00,13416.24525,0.0,2169.79075,8648.2665,2169.79075,11246.4545
2024-07-01 03:00:00,13265.01075,0.0,2248.30575,8622.194749999999,2248.30575,11016.705
2024-07-01 04:00:00,13276.450499999999,83.87725,2207.15725,8157.64725,2291.0344999999998,10985.416000000001
2024-07-01 05:00:00,13902.292000000001,474.89324999999997,1971.2815,8028.173,2446.17475,11456.11725
2024-07-01 06:00:00,16450.3625,1073.17075,1894.3325,9556.20075,2967.5032499999998,13482.85925
2024-07-01 07:00:00,18669.04625,2074.1585,1650.7997500000001,10955.06675,3724.95825,14944.088
2024-07-01 08:00:00,20130.00075,3255.7219999999998,1382.22725,11217.867,4637.94925,15492.0515
2024-07-01 09:00:00,20561.310250000002,4094.916,949.1305,11194.376250000001,5044.0465,15517.26375
2024-07-01 10:00:00,20678.489999999998,5215.91475,752.21575,11723.2695,5968.1305,14710.359499999999
2024-07-01 11:00:00,21244.18875,6198.81,604.208,11309.533,6803.018,14441.17075
2024-07-01 12:00:00,21470.3495,6959.2045,505.69725,10909.75275,7464.90175,14005.44775
2024-07-01 13:00:00,21076.86475,6706.9215,524.7280000000001,10858.7025,7231.6494999999995,13845.215250000001
2024-07-01 14:00:00,20329.267,6158.308,470.13375,10289.2665,6628.44175,13700.82525
2024-07-01 15:00:00,20303.25025,5717.30325,407.56125,10714.527,6124.8645,14178.38575
2024-07-01 16:00:00,19960.456,4837.4145,524.705,11074.5605,5362.1195,14598.336500000001
2024-07-01 17:00:00,20424.921000000002,4094.53125,741.05325,11251.43375,4835.5845,15589.3365
2024-07-01 18:00:00,20227.537,2825.712,624.1255,11807.114,3449.8375,16777.699500000002
2024-07-01 19:00:00,20206.873,1326.04675,616.4784999999999,13399.17025,1942.5252500000001,18264.34775
2024-07-01 20:00:00,20022.99725,474.04275,650.705,13930.84275,1124.74775,18898.249499999998
2024-07-01 21:00:00,19478.05,80.99725000000001,649.992,13587.51225,730.98925,18747.06075
2024-07-01 22:00:00,18387.03225,0.0,805.31375,11532.244999999999,805.31375,17581.718500000003
2024-07-01 23:00:00,17105.0135,0.0,1045.107,10772.229500000001,1045.107,16059.9065
2024-07-02 00:00:00,15669.7,0.0,1246.6957499999999,10246.971,1246.6957499999999,14423.00425
2024-07-02 01:00:00,15061.280999999999,0.0,1433.56225,10650.52275,1433.56225,13627.71875
2024-07-02 02:00:00,14635.968499999999,0.0,1502.14825,10624.29175,1502.14825,13133.82025
2024-07-02 03:00:00,14548.23225,0.0,1705.97575,10475.86275,1705.97575,12842.2565
2024-07-02 04:00:00,14450.07375,77.929,1860.1095,10150.986499999999,1938.0385,12512.035249999999
2024-07-02 05:00:00,14856.16425,369.37424999999996,1884.5335,9837.6175,2253.90775,12602.2565
2024-07-02 06:00:00,16915.53575,910.90575,1900.84025,10307.41475,2811.746,14103.78975
2024-07-02 07:00:00,18873.237999999998,1857.1985,1838.2065,11405.0185,3695.405,15177.833
2024-07-02 08:00:00,19719.2585,2859.476,2058.87675,11696.25875,4918.35275,14800.905750000002
2024-07-02 09:00:00,19872.162,3993.5595,2234.66675,11132.916000000001,6228.22625,13643.93575
2024-07-02 10:00:00,19927.77475,5128.67825,2353.77625,9904.879,7482.4545,12445.32025
2024-07-02 11:00:00,20178.4705,5568.1505,2457.3055,9629.3785,8025.456,12153.0145
2024-07-02 12:00:00,20528.322500000002,6243.56125,2595.5564999999997,10122.98825,8839.11775,11689.20475
2024-07-02 13:00:00,19816.3215,6271.187,2744.0075,9428.156500000001,9015.194500000001,10801.127
2024-07-02 14:00:00,19045.17025,6264.467,2962.94475,8447.32725,9227.41175,9817.7585
2024-07-02 15:00:00,19258.7485,6224.389,2682.47825,8443.136,8906.86725,10351.881249999999
2024-07-02 16:00:00,19143.47475,5336.12025,2661.7974999999997,8743.3955,7997.917749999999,11145.557
2024-07-02 17:00:00,19602.65475,4257.4752499999995,2518.44,9699.524249999999,6775.91525,12826.7395
2024-07-02 18:00:00,19573.2995,2607.57175,2369.79825,10684.825499999999,4977.37,14595.929499999998
2024-07-02 19:00:00,19734.31875,1289.93775,1835.5025,11928.313,3125.44025,16608.8785
2024-07-02 20:00:00,19659.9355,437.286,1667.982,12409.47175,2105.268,17554.6675
2024-07-02 21:00:00,19183.86525,57.987,1686.484,11991.73475,1744.471,17439.39425
2024-07-02 22:00:00,18001.066,0.0,1859.1712499999999,10251.486499999999,1859.1712499999999,16141.89475
2024-07-02 23:00:00,16710.63125,0.0,2046.2855,9938.1915,2046.2855,14664.34575
2024-07-03 00:00:00,15424.58425,0.0,2175.407,9544.893,2175.407,13249.17725
2024-07-03 01:00:00,14800.0425,0.0,2369.538,9683.396,2369.538,12430.504500000001
2024-07-03 02:00:00,14493.4085,0.0,2241.08975,9802.423,2241.08975,12252.31875
2024-07-03 03:00:00,14494.086500000001,0.0,2179.2165,9849.2985,2179.2165,12314.869999999999
2024-07-03 04:00:00,14319.95225,70.4225,2109.783,9873.15675,2180.2055,12139.74675
2024-07-03 05:00:00,14592.357250000001,434.7375,1908.05175,9724.86,2342.78925,12249.568
2024-07-03 06:00:00,16666.846250000002,1311.577,1745.01775,10335.08225,3056.59475,13610.2515
2024-07-03 07:00:00,18704.7425,2702.69325,1634.6035000000002,11555.04875,4337.2967499999995,14367.445749999999
2024-07-03 08:00:00,19487.608500000002,4105.06175,1597.654,11208.5615,5702.71575,13784.892749999999
2024-07-03 09:00:00,19909.363250000002,5123.1875,1685.5205,11042.61475,6808.7080000000005,13100.65525
2024-07-03 10:00:00,20011.053,5873.32025,1657.725,10119.204,7531.04525,12480.00775
2024-07-03 11:00:00,19915.430500000002,6091.024,1593.464,10186.88675,7684.488,12230.9425
2024-07-03 12:00:00,19894.8935,6287.36225,1634.9524999999999,9910.32575,7922.31475,11972.57875
2024-07-03 13:00:00,20066.64575,6560.692499999999,1459.94975,9740.8225,8020.642249999999,12046.003499999999
2024-07-03 14:00:00,19728.0645,6270.5815,1392.8245,9765.7735,7663.406,12064.6585
2024-07-03 15:00:00,19589.2935,5589.268,1273.94775,10556.4765,6863.21575,12726.07775
2024-07-03 16:00:00,19377.206000000002,4655.1085,1063.82725,10386.30575,5718.935750000001,13658.270250000001
2024-07-03 17:00:00,19373.0625,3585.8717500000002,849.87375,10694.80525,4435.7455,14937.317000000001
2024-07-03 18:00:00,19298.854,2304.51725,667.2882500000001,11536.055,2971.8055,16327.0485
2024-07-03 19:00:00,19509.8485,1179.55225,387.7885,12732.84225,1567.34075,17942.50775
2024-07-03 20:00:00,19634.09175,467.58425,271.3945,13049.55225,738.97875,18895.113
2024-07-03 21:00:00,19158.97075,55.819,253.22325,12873.6715,309.04224999999997,18849.9285
2024-07-03 22:00:00,18081.525,0.0,274.84075,11955.26125,274.84075,17806.68425
2024-07-03 23:00:00,16891.83475,0.0,358.3215,11229.15225,358.3215,16533.51325
2024-07-04 00:00:00,15844.55825,0.0,449.41225,10671.536,449.41225,15395.145999999999
2024-07-04 01:00:00,15201.75075,0.0,512.65475,10473.723,512.65475,14689.096
2024-07-04 02:00:00,14746.27125,0.0,486.4365,9947.217499999999,486.4365,14259.83475
2024-07-04 03:00:00,14752.36325,0.0,480.52875,9812.644,480.52875,14271.8345
2024-07-04 04:00:00,14686.027750000001,66.45400000000001,442.93575,9984.68,509.38975,14176.637999999999
2024-07-04 05:00:00,14988.82375,430.137,469.3555,10369.6975,899.4925000000001,14089.331250000001
2024-07-04 06:00:00,16912.7055,1238.5455,492.68425,11547.878,1731.22975,15181.47575
2024-07-04 07:00:00,18713.39575,2634.42025,433.012,12398.901249999999,3067.43225,15645.963500000002
2024-07-04 08:00:00,19546.21225,4521.805,529.07175,11360.5895,5050.876749999999,14495.335500000001
2024-07-04 09:00:00,19876.55,6068.95125,741.0925,10240.955,6810.04375,13066.50625
2024-07-04 10:00:00,19647.65075,6758.03175,1255.4987500000002,9092.49325,8013.530500000001,11634.120249999998
2024-07-04 11:00:00,19668.43275,6898.5732499999995,1672.5875,9007.7075,8571.16075,11097.272
2024-07-04 12:00:00,20129.253,7180.42225,1995.05775,9353.918,9175.48,10953.773000000001
2024-07-04 13:00:00,19824.91625,6717.449,2259.88125,9327.4085,8977.330249999999,10847.586
2024-07-04 14:00:00,19316.5515,6446.2880000000005,2540.0575,8706.96125,8986.3455,10330.206
2024-07-04 15:00:00,19546.45675,6093.2665,2484.3405000000002,9122.0425,8577.607,10968.84975
2024-07-04 16:00:00,19324.911500000002,4955.99475,2369.072,9956.085500000001,7325.06675,11999.84475
2024-07-04 17:00:00,19334.194,3602.4397499999995,2370.00125,10896.39075,5972.441,13361.753
2024-07-04 18:00:00,19262.74225,2095.581,2175.6875,11289.93375,4271.2685,14991.473750000001
2024-07-04 19:00:00,19432.83425,893.789,1833.05625,12882.70475,2726.84525,16705.989
2024-07-04 20:00:00,19588.427750000003,369.69399999999996,1627.6395,13127.3635,1997.3335,17591.094250000002
2024-07-04 21:00:00,19276.28025,75.22449999999999,2014.9665,12801.26975,2090.191,17186.089249999997
2024-07-04 22:00:00,18165.664,0.0,2352.43525,11147.645,2352.43525,15813.22875
2024-07-04 23:00:00,16854.84575,0.0,2496.8627500000002,10083.4265,2496.8627500000002,14357.983
2024-07-05 00:00:00,15537.1725,0.0,2419.22075,9732.28925,2419.22075,13117.95175
2024-07-05 01:00:00,14854.13475,0.0,2313.74575,9667.590250000001,2313.74575,12540.389
2024-07-05 02:00:00,14407.40425,0.0,2244.7377500000002,9709.562249999999,2244.7377500000002,12162.6665
2024-07-05 03:00:00,14432.83375,0.0,2370.64125,9552.161,2370.64125,12062.1925
2024-07-05 04:00:00,14308.258,83.47075000000001,2294.7915,9428.22925,2378.2622499999998,11929.99575
2024-07-05 05:00:00,14688.24825,476.255,2043.0845,9244.012,2519.3395,12168.90875
2024-07-05 06:00:00,16547.37875,1352.886,1586.873,10308.51025,2939.759,13607.619750000002
2024-07-05 07:00:00,18431.48125,3169.105,1166.2615,11534.0325,4335.3665,14096.11475
2024-07-05 08:00:00,19087.30875,5711.75425,1237.92325,9773.490249999999,6949.6775,12137.63125
2024-07-05 09:00:00,19069.617,7790.64625,1728.2552500000002,7530.985,9518.9015,9550.7155
2024-07-05 10:00:00,18824.38775,8919.47175,2365.90675,7076.60725,11285.3785,7539.009249999999
2024-07-05 11:00:00,18697.99325,8770.54775,2752.1795,6985.01725,11522.72725,7175.266
2024-07-05 12:00:00,18739.10075,8739.94125,2918.0865,6869.5115,11658.027750000001,7081.073
2024-07-05 13:00:00,18824.392,8451.39375,2794.38825,7256.36575,11245.782,7578.610000000001
2024-07-05 14:00:00,18804.33925,7795.0985,2769.5344999999998,6948.743,10564.633,8239.706250000001
2024-07-05 15:00:00,19023.44225,6621.866,2824.85275,7455.18675,9446.71875,9576.7235
2024-07-05 16:00:00,19320.20675,5660.70625,2848.58225,8206.052749999999,8509.2885,10810.91825
2024-07-05 17:00:00,19289.67675,4310.89825,2682.1875,9522.38425,6993.08575,12296.590999999999
2024-07-05 18:00:00,19208.81275,2647.931,2548.388,10287.592499999999,5196.3189999999995,14012.49375
2024-07-05 19:00:00,19337.02,1250.70775,1981.5605,10917.2275,3232.26825,16104.75175
2024-07-05 20:00:00,19251.99025,508.362,1721.384,12110.2895,2229.746,17022.24425
2024-07-05 21:00:00,18765.552,81.953,1756.98875,12185.28575,1838.94175,16926.61025
2024-07-05 22:00:00,17748.5635,0.0,1971.0505,10687.39625,1971.0505,15777.512999999999
2024-07-05 23:00:00,16635.42025,0.0,2451.94525,9750.241,2451.94525,14183.474999999999
2024-07-06 00:00:00,15527.13625,0.0,2679.039,8411.6505,2679.039,12848.097249999999
2024-07-06 01:00:00,14664.371,0.0,2600.46525,7691.501749999999,2600.46525,12063.90575
2024-07-06 02:00:00,14259.79525,0.0,2469.7545,7528.44425,2469.7545,11790.04075
2024-07-06 03:00:00,14169.23675,0.0,2066.68825,7907.41675,2066.68825,12102.5485
2024-07-06 04:00:00,13920.748749999999,91.22749999999999,1736.125,8515.02,1827.3525,12093.39625
2024-07-06 05:00:00,13739.1865,478.32475,1856.314,8189.786,2334.63875,11404.54775
2024-07-06 06:00:00,14187.10275,1325.69275,1733.60575,8362.75725,3059.2985,11127.80425
2024-07-06 07:00:00,15553.9105,3664.47275,1182.59775,8555.859,4847.0705,10706.84
2024-07-06 08:00:00,16656.013,6687.30025,1111.31425,7487.9087500000005,7798.6145,8857.3985
2024-07-06 09:00:00,16945.04725,8925.059000000001,1811.9485,5886.766,10737.0075,6208.03975
2024-07-06 10:00:00,17346.186,9263.4415,2359.3095000000003,6018.6717499999995,11622.751,5723.435
2024-07-06 11:00:00,17114.729,9357.6995,2560.2225,5909.85575,11917.921999999999,5196.807000000001
2024-07-06 12:00:00,17030.058250000002,9590.388500000001,2654.61775,6049.50775,12245.00625,4785.052
2024-07-06 13:00:00,17255.513,9319.4915,2972.45025,6001.59575,12291.94175,4963.57125
2024-07-06 14:00:00,17143.5785,8360.7065,3358.8365,6251.96075,11719.543,5424.035500000001
2024-07-06 15:00:00,16964.252,7188.744,3568.54975,6289.26875,10757.29375,6206.958250000001
2024-07-06 16:00:00,17166.227,6582.74925,4113.0885,6173.66525,10695.837749999999,6470.38925
2024-07-06 17:00:00,17730.78925,5979.65425,4633.177,6238.7675,10612.83125,7117.9580000000005
2024-07-06 18:00:00,17892.34,3796.5170000000003,4350.228499999999,7557.1717499999995,8146.7455,9745.5945
2024-07-06 19:00:00,17954.544,1707.8595,4367.79875,8735.45975,6075.65825,11878.88575
2024-07-06 20:00:00,17486.58525,538.0205,4351.5395,9321.311,4889.5599999999995,12597.02525
2024-07-06 21:00:00,16836.41575,51.13549999999999,4828.36175,9166.517,4879.49725,11956.9185
2024-07-06 22:00:00,16147.256,0.0,4719.85825,8393.716999999999,4719.85825,11427.39775
2024-07-06 23:00:00,15033.735499999999,0.0,4829.77575,7541.7645,4829.77575,10203.95975
2024-07-07 00:00:00,13823.6305,0.0,5060.84525,6855.5175,5060.84525,8762.78525
2024-07-07 01:00:00,13019.314999999999,0.0,4631.0585,6760.9215,4631.0585,8388.2565
2024-07-07 02:00:00,12633.984,0.0,4170.4855,6879.71425,4170.4855,8463.4985
2024-07-07 03:00:00,12589.217,0.0,3678.94425,7227.965999999999,3678.94425,8910.27275
2024-07-07 04:00:00,12308.39925,32.98975,3345.06775,7571.1655,3378.0575,8930.34175
2024-07-07 05:00:00,12239.11975,304.23325,2788.81525,7306.23725,3093.0485,9146.07125
2024-07-07 06:00:00,12645.349,1184.7215,2271.12525,7252.9217499999995,3455.84675,9189.50225
2024-07-07 07:00:00,13268.0975,2236.2264999999998,2225.0789999999997,7156.5244999999995,4461.3054999999995,8806.792000000001
2024-07-07 08:00:00,13810.325,3740.63,2214.352,6744.05225,5954.982,7855.343
2024-07-07 09:00:00,14656.10625,5201.757,1813.8922499999999,6381.27575,7015.64925,7640.457
2024-07-07 10:00:00,15117.0305,6718.8735,1533.56225,6310.9125,8252.43575,6864.59475
2024-07-07 11:00:00,15161.788,7314.905000000001,1414.6924999999999,6230.492749999999,8729.5975,6432.1905
2024-07-07 12:00:00,15350.43675,7581.39525,1449.09425,6271.6255,9030.4895,6319.947249999999
2024-07-07 13:00:00,15539.66025,6823.96675,1249.1945,6699.1852499999995,8073.16125,7466.499
2024-07-07 14:00:00,15150.1125,5875.7305,1010.9639999999999,7636.199,6886.6945000000005,8263.418000000001
2024-07-07 15:00:00,15412.55675,5369.781,861.204,7358.93175,6230.985000000001,9181.571750000001
2024-07-07 16:00:00,15470.29075,4126.77775,649.63575,8184.53675,4776.413500000001,10693.87725
2024-07-07 17:00:00,15795.3215,3013.14625,494.48,8853.82425,3507.62625,12287.69525
2024-07-07 18:00:00,16000.8845,1896.43125,378.808,9245.9135,2275.23925,13725.64525
2024-07-07 19:00:00,16185.67175,1057.69675,350.88425,9699.843499999999,1408.581,14777.09075
2024-07-07 20:00:00,16361.755500000001,464.67025,392.55025,9360.203,857.2205,15504.535
2024-07-07 21:00:00,16303.4415,67.5015,470.077,9236.65925,537.5785,15765.863
2024-07-07 22:00:00,15816.857,0.0,572.35025,9304.0245,572.35025,15244.50675
2024-07-07 23:00:00,14824.8315,0.0,648.42325,8622.04675,648.42325,14176.40825
2024-07-08 00:00:00,14033.67175,0.0,611.84175,8162.483249999999,611.84175,13421.83
2024-07-08 01:00:00,13460.60625,0.0,689.28775,7847.74125,689.28775,12771.3185
2024-07-08 02:00:00,13153.53425,0.0,713.9175,7733.29525,713.9175,12439.61675
2024-07-08 03:00:00,13102.72875,0.0,670.47325,7722.60325,670.47325,12432.2555
2024-07-08 04:00:00,13170.85375,29.87775,627.769,7760.702,657.64675,12513.207
2024-07-08 05:00:00,13792.106,374.66425,635.17025,8262.8595,1009.8345,12782.271499999999
2024-07-08 06:00:00,16315.91475,1231.4995,571.814,9415.02725,1803.3135,14512.60125
2024-07-08 07:00:00,18611.40425,2722.13025,366.219,11181.395250000001,3088.34925,15523.055
2024-07-08 08:00:00,19815.70125,4693.97025,183.142,10887.68775,4877.11225,14938.589
2024-07-08 09:00:00,20137.71425,6807.1255,192.8665,9289.338,6999.992,13137.722250000003
2024-07-08 10:00:00,20031.166,8426.1115,258.54200000000003,7980.26425,8684.6535,11346.512499999999
2024-07-08 11:00:00,20118.849,8857.9715,352.1515,8221.069,9210.123,10908.725999999999
2024-07-08 12:00:00,20230.58475,8871.14225,358.9145,8498.0775,9230.05675,11000.528
2024-07-08 13:00:00,20374.647,8685.03,277.17925,9172.34225,8962.20925,11412.437750000001
2024-07-08 14:00:00,19920.952250000002,8682.607250000001,290.52,8655.40825,8973.12725,10947.825
2024-07-08 15:00:00,20241.1555,7913.541499999999,256.857,8705.539499999999,8170.398499999999,12070.757
2024-07-08 16:00:00,20523.0575,6862.61175,239.63400000000001,10092.74875,7102.24575,13420.81175
2024-07-08 17:00:00,20673.6745,5237.466,190.60825,10776.97825,5428.074250000001,15245.60025
2024-07-08 18:00:00,20623.163249999998,3306.13225,172.15925,11565.069500000001,3478.2915000000003,17144.87175
2024-07-08 19:00:00,20797.29075,1724.97075,211.3595,12754.332,1936.33025,18860.9605
2024-07-08 20:00:00,20778.39,907.01575,264.70475,13797.28325,1171.7205000000001,19606.6695
2024-07-08 21:00:00,20083.409,207.95725,304.057,12919.42825,512.01425,19571.39475
2024-07-08 22:00:00,18880.300499999998,0.0,362.1845,11676.7015,362.1845,18518.116
2024-07-08 23:00:00,17472.06925,0.0,430.59775,11145.19925,430.59775,17041.471499999996
2024-07-09 00:00:00,16223.469249999998,0.0,543.1005,10571.811,543.1005,15680.36875
2024-07-09 01:00:00,15497.76375,0.0,622.9935,10111.305,622.9935,14874.77025
2024-07-09 02:00:00,15051.56975,0.0,583.9355,10044.0995,583.9355,14467.63425
2024-07-09 03:00:00,14941.91,0.0,622.73825,9882.85875,622.73825,14319.171750000001
2024-07-09 04:00:00,14737.395,47.04,700.75775,9579.05675,747.79775,13989.59725
2024-07-09 05:00:00,15522.038,787.00825,823.20225,9806.30175,1610.2105000000001,13911.8275
2024-07-09 06:00:00,17412.58425,1500.96175,750.16575,10415.8765,2251.1275,15161.456750000001
2024-07-09 07:00:00,19322.271249999998,3171.2532499999998,487.83349999999996,11406.29975,3659.08675,15663.1845
2024-07-09 08:00:00,20500.2375,5602.165,240.82525,12168.5065,5842.990250000001,14657.24725
2024-07-09 09:00:00,20772.419,7957.607749999999,262.852,10970.9915,8220.45975,12551.95925
2024-07-09 10:00:00,20448.5555,9282.56875,368.30375,8932.6445,9650.8725,10797.682999999999
2024-07-09 11:00:00,20746.8655,9498.709499999999,432.20025,8905.34075,9930.909749999999,10815.955750000001
2024-07-09 12:00:00,20679.43625,9549.74025,458.90925,8791.81625,10008.6495,10670.78675
2024-07-09 13:00:00,20842.71875,9548.6155,465.702,9018.0345,10014.317500000001,10828.401249999999
2024-07-09 14:00:00,20433.96125,9363.68525,549.51175,8571.4695,9913.197,10520.76425
2024-07-09 15:00:00,20546.511,8760.87175,558.93875,8833.13,9319.8105,11226.7005
2024-07-09 16:00:00,20719.3195,7462.87375,611.884,9530.88525,8074.757750000001,12644.56175
2024-07-09 17:00:00,20915.67925,5458.366,736.52125,10465.024,6194.88725,14720.792
2024-07-09 18:00:00,20867.70625,3188.69675,863.121,11764.637499999999,4051.81775,16815.8885
2024-07-09 19:00:00,20939.63075,1256.34225,1108.77875,13573.72475,2365.121,18574.509749999997
2024-07-09 20:00:00,20882.0,461.12275,1827.3115,13844.94625,2288.4342500000002,18593.56575
2024-07-09 21:00:00,20284.566749999998,56.05675000000001,3009.1455,12366.6575,3065.2022500000003,17219.3645
2024-07-09 22:00:00,19075.526,0.0,3987.83375,10693.37875,3987.83375,15087.69225
2024-07-09 23:00:00,17523.75575,0.0,4417.003,10183.707,4417.003,13106.75275
2024-07-10 00:00:00,16207.99475,0.0,4580.095,9641.5605,4580.095,11627.89975
2024-07-10 01:00:00,15517.2355,0.0,4531.871,8709.25325,4531.871,10985.3645
2024-07-10 02:00:00,15052.58275,0.0,4507.5315,8528.19925,4507.5315,10545.05125
2024-07-10 03:00:00,15053.95175,0.0,4414.2845,8410.08225,4414.2845,10639.66725
2024-07-10 04:00:00,14919.74775,49.7625,4315.3355,8362.5095,4365.098,10554.64975
2024-07-10 05:00:00,15184.319749999999,461.707,4227.6759999999995,8340.567,4689.383,10494.93675
2024-07-10 06:00:00,17280.4575,1274.2795,3378.05175,9719.6135,4652.33125,12628.12625
2024-07-10 07:00:00,19647.604,3392.40725,2028.2350000000001,12154.241750000001,5420.64225,14226.961749999999
2024-07-10 08:00:00,20999.665,6105.57525,1458.74975,12657.055250000001,7564.325,13435.34
2024-07-10 09:00:00,21346.55375,8410.04675,1381.068,11739.15175,9791.11475,11555.438999999998
2024-07-10 10:00:00,21267.33325,10056.320749999999,1803.64775,9535.787250000001,11859.968499999999,9407.364749999999
2024-07-10 11:00:00,21359.139,10939.15175,2633.2005,8751.79725,13572.35225,7786.78675
2024-07-10 12:00:00,21483.559,10960.30725,3315.1535,8305.855749999999,14275.460749999998,7208.098250000001
2024-07-10 13:00:00,21473.44825,10011.033,3586.8605,8288.262,13597.8935,7875.554750000001
2024-07-10 14:00:00,21174.97275,8596.90925,3600.76375,8637.22175,12197.673,8977.29975
2024-07-10 15:00:00,21442.6175,7011.5925,3361.87975,9828.6775,10373.472249999999,11069.145250000001
2024-07-10 16:00:00,21422.704,5448.342000000001,2954.1975,10904.40925,8402.5395,13020.1645
2024-07-10 17:00:00,21885.29175,3833.98325,2452.206,12020.323499999999,6286.18925,15599.1025
2024-07-10 18:00:00,21965.70725,2289.99925,1917.135,13481.92875,4207.13425,17758.573
2024-07-10 19:00:00,22076.39125,1222.69725,2015.2555,14929.4005,3237.9527500000004,18838.4385
2024-07-10 20:00:00,21864.182500000003,616.42425,1831.084,15732.598750000001,2447.50825,19416.67425
2024-07-10 21:00:00,20799.076250000002,74.426,2018.149,15294.62875,2092.575,18706.50125
2024-07-10 22:00:00,19570.371,0.0,2409.11325,13399.8835,2409.11325,17161.25775
2024-07-10 23:00:00,17994.24425,0.0,2195.7200000000003,12284.0845,2195.7200000000003,15798.52425
2024-07-11 00:00:00,16679.1625,0.0,1630.258,10836.24075,1630.258,15048.9045
2024-07-11 01:00:00,16072.2985,0.0,1298.80625,11380.9825,1298.80625,14773.49225
2024-07-11 02:00:00,15635.67375,0.0,1281.16125,11112.528,1281.16125,14354.5125
2024-07-11 03:00:00,15605.435,0.0,1408.347,10756.3205,1408.347,14197.088
2024-07-11 04:00:00,15512.5255,154.05325,1142.29875,10535.78075,1296.352,14216.1735
2024-07-11 05:00:00,16287.379,728.662,970.84075,10891.62875,1699.50275,14587.87625
2024-07-11 06:00:00,18318.802499999998,1416.8745,726.9605,11712.1165,2143.835,16174.967499999999
2024-07-11 07:00:00,20311.05525,2731.21625,356.66925000000003,13454.9925,3087.8855,17223.16975
2024-07-11 08:00:00,21261.904000000002,4465.1055,295.96325,12211.72125,4761.06875,16500.83525
2024-07-11 09:00:00,21352.480750000002,6014.42625,254.98525,11410.412,6269.4115,15083.06925
2024-07-11 10:00:00,21270.209,7700.16725,339.86775,10910.20325,8040.035,13230.173999999999
2024-07-11 11:00:00,21681.1145,8378.53025,414.9265,10630.9115,8793.456750000001,12887.65775
2024-07-11 12:00:00,22094.27,8403.34525,444.60275,10734.392,8847.948,13246.322
2024-07-11 13:00:00,22282.99375,8068.76025,429.82675,11458.87025,8498.587,13784.40675
2024-07-11 14:00:00,21704.46425,7162.04475,530.3675000000001,11719.1975,7692.412249999999,14012.052000000001
2024-07-11 15:00:00,21969.79,6199.0635,489.69225,12639.949250000001,6688.75575,15281.03425
2024-07-11 16:00:00,21676.6745,4769.44975,748.80725,12931.054250000001,5518.257,16158.4175
2024-07-11 17:00:00,21668.771,3360.21225,1148.555,13841.52675,4508.76725,17160.00375
2024-07-11 18:00:00,21208.177,2247.3962500000002,929.4475,14142.051749999999,3176.84375,18031.33325
2024-07-11 19:00:00,21032.697,1294.1680000000001,909.5452499999999,14205.516,2203.71325,18828.98375
2024-07-11 20:00:00,21033.431,579.4835,777.3995,14414.8235,1356.883,19676.548
2024-07-11 21:00:00,20328.035499999998,58.671499999999995,551.326,14827.30375,609.9975000000001,19718.038
2024-07-11 22:00:00,19210.375500000002,0.0,532.7592500000001,13212.294,532.7592500000001,18677.61625
2024-07-11 23:00:00,17775.324,0.0,521.966,13491.285249999999,521.966,17253.358
2024-07-12 00:00:00,16509.07475,0.0,439.23575,11879.3185,439.23575,16069.839
2024-07-12 01:00:00,15822.948250000001,0.0,458.36825,10979.76075,458.36825,15364.58
2024-07-12 02:00:00,15443.26875,0.0,384.14425,10615.187750000001,384.14425,15059.1245
2024-07-12 03:00:00,15422.3545,0.0,430.22075,10686.66325,430.22075,14992.13375
2024-07-12 04:00:00,15413.342,112.33699999999999,500.93,10819.96175,613.267,14800.075
2024-07-12 05:00:00,15910.8055,620.717,587.1279999999999,10517.63825,1207.845,14702.960500000001
2024-07-12 06:00:00,17763.15625,1496.0175,497.97025,11706.6165,1993.9877500000002,15769.1685
2024-07-12 07:00:00,19743.0245,3098.56675,259.57025,12979.36225,3358.137,16384.887499999997
2024-07-12 08:00:00,20867.85725,5302.60425,162.74124999999998,11883.1585,5465.3455,15402.51175
2024-07-12 09:00:00,21208.787,7351.17125,198.13725,10957.74525,7549.3085,13659.4785
2024-07-12 10:00:00,20822.79975,8789.09525,244.43375,10047.50275,9033.528999999999,11789.27075
2024-07-12 11:00:00,21224.87625,9438.9615,316.98075,9615.85425,9755.94225,11468.934
2024-07-12 12:00:00,21473.65175,9366.07575,412.485,9955.9875,9778.56075,11695.091
2024-07-12 13:00:00,21659.25325,8627.00575,550.3875,10755.14725,9177.393250000001,12481.86
2024-07-12 14:00:00,21260.507,7123.48775,684.6510000000001,11384.1845,7808.13875,13452.36825
2024-07-12 15:00:00,21219.0075,5708.09525,876.852,12285.375750000001,6584.94725,14634.06025
2024-07-12 16:00:00,21251.378,4543.485,1312.786,12306.59075,5856.271,15395.107
2024-07-12 17:00:00,20891.0035,3118.378,1685.4115000000002,12351.652,4803.789500000001,16087.214
2024-07-12 18:00:00,20727.4815,1619.1354999999999,2221.001,13484.51225,3840.1365,16887.345
2024-07-12 19:00:00,20539.79725,692.09725,2635.3165,13941.2215,3327.4137499999997,17212.3835
2024-07-12 20:00:00,20281.08925,270.10025,3009.236,13728.875250000001,3279.33625,17001.753
2024-07-12 21:00:00,19679.86625,67.07075,3361.6865,13100.21925,3428.7572499999997,16251.109
2024-07-12 22:00:00,18228.11375,0.0,3234.64625,11491.8145,3234.64625,14993.4675
2024-07-12 23:00:00,16852.196,0.0,2759.75,11010.371500000001,2759.75,14092.446
2024-07-13 00:00:00,15957.27975,0.0,2626.33575,10407.93275,2626.33575,13330.944
2024-07-13 01:00:00,15236.44225,0.0,2623.97425,10104.08625,2623.97425,12612.468
2024-07-13 02:00:00,14741.150249999999,0.0,2558.29025,9960.0175,2558.29025,12182.86
2024-07-13 03:00:00,14479.293249999999,0.0,2586.7835,9727.0025,2586.7835,11892.509750000001
2024-07-13 04:00:00,14239.616750000001,75.181,2506.02275,9450.153999999999,2581.20375,11658.413
2024-07-13 05:00:00,14087.115,276.233,2345.285,9352.301,2621.518,11465.597
2024-07-13 06:00:00,14636.77275,870.5652500000001,2389.59125,9025.212,3260.1565,11376.61625
2024-07-13 07:00:00,15708.562750000001,2051.44475,2688.631,8667.380000000001,4740.07575,10968.487
2024-07-13 08:00:00,16695.3495,3478.268,3173.257,7742.70725,6651.525,10043.8245
2024-07-13 09:00:00,17547.01325,5132.99625,3475.605,7050.4955,8608.60125,8938.412
2024-07-13 10:00:00,17653.751,6065.07225,3372.013,7421.1725,9437.08525,8216.66575
2024-07-13 11:00:00,17758.5845,6321.78675,3435.86925,8024.771,9757.655999999999,8000.9285
2024-07-13 12:00:00,17729.9205,6910.566000000001,2968.426,8099.3645,9878.992,7850.9285
2024-07-13 13:00:00,17548.6515,7153.20125,2583.073,8261.164499999999,9736.27425,7812.37725
2024-07-13 14:00:00,17507.14675,7242.679,2383.142,7887.261,9625.821,7881.32575
2024-07-13 15:00:00,17653.8235,7014.4037499999995,2319.6932500000003,8234.47775,9334.097,8319.7265
2024-07-13 16:00:00,17558.7395,6473.8515,2859.157,7647.599,9333.0085,8225.731
2024-07-13 17:00:00,17433.75,4980.9890000000005,2741.5155,7611.198,7722.504500000001,9711.245499999999
2024-07-13 18:00:00,17396.4565,3044.4807499999997,2571.40675,9356.40475,5615.8875,11780.569
2024-07-13 19:00:00,17428.69575,1279.9145,2180.273,10510.95875,3460.1875,13968.508249999999
2024-07-13 20:00:00,17284.7875,483.08475,1521.1575,11337.37425,2004.24225,15280.54525
2024-07-13 21:00:00,17026.57375,57.02225,1197.98775,11914.43275,1255.01,15771.563750000001
2024-07-13 22:00:00,16600.47475,0.0,1170.78425,10312.942,1170.78425,15429.6905
2024-07-13 23:00:00,15412.96625,0.0,1273.528,9552.9995,1273.528,14139.43825
2024-07-14 00:00:00,14174.447,0.0,1277.2617500000001,9155.977,1277.2617500000001,12897.18525
2024-07-14 01:00:00,13484.174,0.0,1389.262,8845.25775,1389.262,12094.912
2024-07-14 02:00:00,12986.57625,0.0,1390.4475,8435.532,1390.4475,11596.12875
2024-07-14 03:00:00,12781.349,0.0,1250.9322499999998,8745.616,1250.9322499999998,11530.41675
2024-07-14 04:00:00,12458.0945,69.649,1294.63875,9170.42475,1364.28775,11093.80675
2024-07-14 05:00:00,12367.82375,351.36899999999997,1293.721,8586.303,1645.0900000000001,10722.73375
2024-07-14 06:00:00,12670.414,883.99575,1126.96425,8039.2607499999995,2010.96,10659.454000000002
2024-07-14 07:00:00,13346.7835,1965.61625,909.42625,8038.44725,2875.0425,10471.741
2024-07-14 08:00:00,14069.675500000001,3665.87725,548.68225,7596.0915,4214.559499999999,9855.116
2024-07-14 09:00:00,14884.72275,5734.541,469.8455,6681.17075,6204.3865000000005,8680.336249999998
2024-07-14 10:00:00,14976.772500000001,7449.487999999999,480.04875,6237.3115,7929.536749999999,7047.235750000002
2024-07-14 11:00:00,15080.44675,8627.3485,405.86875,6230.23475,9033.21725,6047.2294999999995
2024-07-14 12:00:00,14661.28175,8502.3225,395.95025,6282.196,8898.27275,5763.009
2024-07-14 13:00:00,15022.5595,8895.514500000001,369.198,6266.2855,9264.712500000001,5757.847
2024-07-14 14:00:00,15301.079,8467.678750000001,339.4615,6480.84375,8807.14025,6493.938749999999
2024-07-14 15:00:00,15307.28825,7674.39625,328.49725,6722.657,8002.8935,7304.3947499999995
2024-07-14 16:00:00,15385.82525,6621.471,726.9865,6956.56825,7348.4575,8037.36775
2024-07-14 17:00:00,15687.51325,4957.8705,540.49525,7675.6720000000005,5498.36575,10189.1475
2024-07-14 18:00:00,15976.72975,2832.80325,388.8555,8458.32425,3221.65875,12755.071
2024-07-14 19:00:00,16500.031750000002,1185.59425,638.9625,9997.223,1824.55675,14675.475
2024-07-14 20:00:00,16546.719250000002,451.87825,880.2255,10880.04175,1332.10375,15214.6155
2024-07-14 21:00:00,16552.0865,55.0145,964.975,10948.69375,1019.9895,15532.097
2024-07-14 22:00:00,16326.8705,0.0,1293.94,9833.58325,1293.94,15032.9305
2024-07-14 23:00:00,15206.818000000001,0.0,1334.929,9150.12225,1334.929,13871.889
2024-07-15 00:00:00,14144.142,0.0,1322.89425,7980.14925,1322.89425,12821.24775
2024-07-15 01:00:00,13506.587749999999,0.0,1214.5549999999998,7913.546249999999,1214.5549999999998,12292.03275
2024-07-15 02:00:00,13326.60575,0.0,1133.262,7755.21725,1133.262,12193.34375
2024-07-15 03:00:00,13240.3685,0.0,1001.12175,7815.367749999999,1001.12175,12239.246749999998
2024-07-15 04:00:00,13475.266,35.67475,804.6365,8291.8915,840.31125,12634.95475
2024-07-15 05:00:00,14076.9935,379.456,617.69675,9080.535,997.15275,13079.84075
